base,qualification_pool,start_day,end_day,num_legs,duty_min,block_min,deadhead_min,overnight_station,hotel_nights,hotel_key,hotel_day,preference_penalty,expected_delay_risk,cost,risk_S0_nominal,risk_S1_weather_NE,risk_S2_weather_SE,risk_S3_ATC_MW,risk_S4_west_coast,pairing_id,pairing_type
ORD,BOTH,1,2,2,243,93,0,,0,,1,0,0.0,638.7,0.0,0.0,0.0,0.0,0.0,P00875,overnight
ORD,NB,1,2,2,248,98,0,,0,,1,0,0.0,655.7,0.0,0.0,0.0,0.0,0.0,P00891,overnight
ORD,BOTH,1,2,2,248,98,0,,0,,1,0,0.0,655.7,0.0,0.0,0.0,0.0,0.0,P00892,overnight
ATL,NB,1,2,2,249,99,0,,0,,1,0,0.0,659.1,0.0,0.0,0.0,0.0,0.0,P00815,overnight
ATL,BOTH,1,2,2,249,99,0,,0,,1,0,0.0,659.1,0.0,0.0,0.0,0.0,0.0,P00816,overnight
JFK,NB,1,2,2,264,114,0,,0,,1,0,0.0,710.1,0.0,0.0,0.0,0.0,0.0,P00939,overnight
JFK,BOTH,1,2,2,264,114,0,,0,,1,0,0.0,710.1,0.0,0.0,0.0,0.0,0.0,P00940,overnight
DFW,BOTH,1,2,2,273,123,0,,0,,1,0,0.0,740.7,0.0,0.0,0.0,0.0,0.0,P00844,overnight
ORD,NB,1,2,2,281,131,0,,0,,1,0,0.0,767.9,0.0,0.0,0.0,0.0,0.0,P00887,overnight
ORD,BOTH,1,2,2,281,131,0,,0,,1,0,0.0,767.9,0.0,0.0,0.0,0.0,0.0,P00888,overnight
JFK,RJ,1,2,2,287,137,0,,0,,1,0,0.0,788.3,0.0,0.0,0.0,0.0,0.0,P00923,overnight
JFK,BOTH,1,2,2,287,137,0,,0,,1,0,0.0,788.3,0.0,0.0,0.0,0.0,0.0,P00924,overnight
ORD,NB,1,2,2,298,148,0,,0,,1,0,0.0,825.7,0.0,0.0,0.0,0.0,0.0,P00897,overnight
ORD,BOTH,1,2,2,298,148,0,,0,,1,0,0.0,825.7,0.0,0.0,0.0,0.0,0.0,P00898,overnight
JFK,NB,1,2,2,302,152,0,,0,,1,0,0.0,839.3,0.0,0.0,0.0,0.0,0.0,P00931,overnight
JFK,BOTH,1,2,2,302,152,0,,0,,1,0,0.0,839.3,0.0,0.0,0.0,0.0,0.0,P00932,overnight
JFK,NB,1,2,2,302,152,0,,0,,1,0,0.0,839.3,0.0,0.0,0.0,0.0,0.0,P00941,overnight
JFK,BOTH,1,2,2,302,152,0,,0,,1,0,0.0,839.3,0.0,0.0,0.0,0.0,0.0,P00942,overnight
ATL,NB,1,2,2,312,162,0,,0,,1,0,0.0,873.3,0.0,0.0,0.0,0.0,0.0,P00819,overnight
ATL,BOTH,1,2,2,312,162,0,,0,,1,0,0.0,873.3,0.0,0.0,0.0,0.0,0.0,P00820,overnight
ORD,BOTH,1,2,2,333,183,0,,0,,1,0,0.0,944.7,0.0,0.0,0.0,0.0,0.0,P00884,overnight
ATL,BOTH,1,2,2,345,195,0,,0,,1,0,0.0,985.5,0.0,0.0,0.0,0.0,0.0,P00823,overnight
JFK,NB,1,2,2,378,228,0,,0,,1,0,0.0,1097.7,0.0,0.0,0.0,0.0,0.0,P00927,overnight
JFK,BOTH,1,2,2,378,228,0,,0,,1,0,0.0,1097.7,0.0,0.0,0.0,0.0,0.0,P00928,overnight
JFK,NB,1,2,2,367,124,93,,0,,1,0,0.0,1278.85,0.0,0.0,0.0,0.0,0.0,P00919,overnight
JFK,BOTH,1,2,2,367,124,93,,0,,1,0,0.0,1278.85,0.0,0.0,0.0,0.0,0.0,P00920,overnight
DFW,NB,1,2,2,449,299,0,,0,,1,0,0.0,1339.1,0.0,0.0,0.0,0.0,0.0,P00834,overnight
DFW,BOTH,1,2,2,449,299,0,,0,,1,0,0.0,1339.1,0.0,0.0,0.0,0.0,0.0,P00835,overnight
DFW,NB,1,2,2,478,328,0,,0,,1,0,0.0,1437.7,0.0,0.0,0.0,0.0,0.0,P00840,overnight
DFW,BOTH,1,2,2,478,328,0,,0,,1,0,0.0,1437.7,0.0,0.0,0.0,0.0,0.0,P00841,overnight
DFW,NB,1,2,2,527,377,0,,0,,1,0,0.0,1604.3,0.0,0.0,0.0,0.0,0.0,P00851,overnight
DFW,BOTH,1,2,2,527,377,0,,0,,1,0,0.0,1604.3,0.0,0.0,0.0,0.0,0.0,P00852,overnight
ATL,NB,1,2,2,463,196,117,,0,,1,0,0.0,1661.65,0.0,0.0,0.0,0.0,0.0,P00805,overnight
ATL,BOTH,1,2,2,463,196,117,,0,,1,0,0.0,1661.65,0.0,0.0,0.0,0.0,0.0,P00806,overnight
ORD,NB,1,2,2,571,421,0,,0,,1,0,0.0,1753.9,0.0,0.0,0.0,0.0,0.0,P00880,overnight
ORD,BOTH,1,2,2,571,421,0,,0,,1,0,0.0,1753.9,0.0,0.0,0.0,0.0,0.0,P00881,overnight
DFW,NB,1,2,2,490,199,141,,0,,1,0,0.0,1809.85,0.0,0.0,0.0,0.0,0.0,P00836,overnight
DFW,BOTH,1,2,2,490,199,141,,0,,1,0,0.0,1809.85,0.0,0.0,0.0,0.0,0.0,P00837,overnight
ORD,NB,1,2,2,525,248,127,,0,,1,0,0.0,1895.95,0.0,0.0,0.0,0.0,0.0,P00895,overnight
ORD,BOTH,1,2,2,525,248,127,,0,,1,0,0.0,1895.95,0.0,0.0,0.0,0.0,0.0,P00896,overnight
ORD,NB,1,2,2,669,392,127,,0,,1,0,0.0,2385.55,0.0,0.0,0.0,0.0,0.0,P00878,overnight
ORD,BOTH,1,2,2,669,392,127,,0,,1,0,0.0,2385.55,0.0,0.0,0.0,0.0,0.0,P00879,overnight
DFW,NB,1,2,2,697,406,141,,0,,1,0,0.0,2513.65,0.0,0.0,0.0,0.0,0.0,P00853,overnight
DFW,BOTH,1,2,2,697,406,141,,0,,1,0,0.0,2513.65,0.0,0.0,0.0,0.0,0.0,P00854,overnight
ORD,NB,1,1,1,179,59,45,,0,,0,0,0.0,2220.6,0.0,0.0,0.0,0.0,0.0,P00373,recovery_single
ORD,BOTH,1,1,1,179,59,45,,0,,0,0,0.0,2220.6,0.0,0.0,0.0,0.0,0.0,P00374,recovery_single
ORD,RJ,1,1,1,174,45,54,,0,,0,0,0.0,2224.75,0.0,0.0,0.0,0.0,0.0,P00325,recovery_single
ORD,BOTH,1,1,1,174,45,54,,0,,0,0,0.0,2224.75,0.0,0.0,0.0,0.0,0.0,P00326,recovery_single
JFK,NB,2,2,1,174,45,54,,0,,0,0,0.0,2224.75,0.0,0.0,0.0,0.0,0.0,P00695,recovery_single
JFK,BOTH,2,2,1,174,45,54,,0,,0,0,0.0,2224.75,0.0,0.0,0.0,0.0,0.0,P00696,recovery_single
JFK,NB,1,1,1,176,47,54,,0,,0,0,0.0,2231.55,0.0,0.0,0.0,0.0,0.0,P00431,recovery_single
JFK,BOTH,1,1,1,176,47,54,,0,,0,0,0.0,2231.55,0.0,0.0,0.0,0.0,0.0,P00432,recovery_single
ATL,NB,1,1,1,187,67,45,,0,,0,0,0.0,2247.8,0.0,0.0,0.0,0.0,0.0,P00249,recovery_single
ATL,BOTH,1,1,1,187,67,45,,0,,0,0,0.0,2247.8,0.0,0.0,0.0,0.0,0.0,P00250,recovery_single
DFW,NB,1,1,1,179,45,59,,0,,0,0,0.0,2253.5,0.0,0.0,0.0,0.0,0.0,P00307,recovery_single
DFW,BOTH,1,1,1,179,45,59,,0,,0,0,0.0,2253.5,0.0,0.0,0.0,0.0,0.0,P00308,recovery_single
DFW,RJ,1,1,1,184,57,52,,0,,0,0,0.0,2254.05,0.0,0.0,0.0,0.0,0.0,P00467,recovery_single
DFW,BOTH,1,1,1,184,57,52,,0,,0,0,0.0,2254.05,0.0,0.0,0.0,0.0,0.0,P00468,recovery_single
ORD,NB,2,2,1,195,75,45,,0,,0,0,0.0,2275.0,0.0,0.0,0.0,0.0,0.0,P00669,recovery_single
ORD,BOTH,2,2,1,195,75,45,,0,,0,0,0.0,2275.0,0.0,0.0,0.0,0.0,0.0,P00670,recovery_single
JFK,NB,1,1,1,195,74,46,,0,,0,0,0.0,2277.35,0.0,0.0,0.0,0.0,0.0,P00279,recovery_single
JFK,BOTH,1,1,1,195,74,46,,0,,0,0,0.0,2277.35,0.0,0.0,0.0,0.0,0.0,P00280,recovery_single
ATL,NB,2,2,1,185,47,63,,0,,0,0,0.0,2283.3,0.0,0.0,0.0,0.0,0.0,P00761,recovery_single
ATL,BOTH,2,2,1,185,47,63,,0,,0,0,0.0,2283.3,0.0,0.0,0.0,0.0,0.0,P00762,recovery_single
JFK,NB,2,2,1,198,77,46,,0,,0,0,0.0,2287.55,0.0,0.0,0.0,0.0,0.0,P00719,recovery_single
JFK,BOTH,2,2,1,198,77,46,,0,,0,0,0.0,2287.55,0.0,0.0,0.0,0.0,0.0,P00720,recovery_single
DFW,NB,1,1,1,186,45,66,,0,,0,0,0.0,2293.75,0.0,0.0,0.0,0.0,0.0,P00475,recovery_single
DFW,BOTH,1,1,1,186,45,66,,0,,0,0,0.0,2293.75,0.0,0.0,0.0,0.0,0.0,P00476,recovery_single
DFW,NB,1,1,1,193,61,57,,0,,0,0,0.0,2296.4,0.0,0.0,0.0,0.0,0.0,P00267,recovery_single
DFW,BOTH,1,1,1,193,61,57,,0,,0,0,0.0,2296.4,0.0,0.0,0.0,0.0,0.0,P00268,recovery_single
ATL,NB,1,1,1,193,58,60,,0,,0,0,0.0,2303.45,0.0,0.0,0.0,0.0,0.0,P00297,recovery_single
ATL,BOTH,1,1,1,193,58,60,,0,,0,0,0.0,2303.45,0.0,0.0,0.0,0.0,0.0,P00298,recovery_single
JFK,NB,2,2,1,205,85,45,,0,,0,0,0.0,2309.0,0.0,0.0,0.0,0.0,0.0,P00615,recovery_single
JFK,BOTH,2,2,1,205,85,45,,0,,0,0,0.0,2309.0,0.0,0.0,0.0,0.0,0.0,P00616,recovery_single
ORD,NB,1,1,1,196,62,59,,0,,0,0,0.0,2311.3,0.0,0.0,0.0,0.0,0.0,P00493,recovery_single
ORD,BOTH,1,1,1,196,62,59,,0,,0,0,0.0,2311.3,0.0,0.0,0.0,0.0,0.0,P00494,recovery_single
ATL,NB,2,2,1,197,62,60,,0,,0,0,0.0,2317.05,0.0,0.0,0.0,0.0,0.0,P00753,recovery_single
ATL,BOTH,2,2,1,197,62,60,,0,,0,0,0.0,2317.05,0.0,0.0,0.0,0.0,0.0,P00754,recovery_single
ORD,NB,2,2,1,198,64,59,,0,,0,0,0.0,2318.1,0.0,0.0,0.0,0.0,0.0,P00741,recovery_single
ORD,BOTH,2,2,1,198,64,59,,0,,0,0,0.0,2318.1,0.0,0.0,0.0,0.0,0.0,P00742,recovery_single
ATL,NB,1,1,1,203,71,57,,0,,0,0,0.0,2330.4,0.0,0.0,0.0,0.0,0.0,P00105,recovery_single
ATL,BOTH,1,1,1,203,71,57,,0,,0,0,0.0,2330.4,0.0,0.0,0.0,0.0,0.0,P00106,recovery_single
ATL,NB,1,1,1,201,63,63,,0,,0,0,0.0,2337.7,0.0,0.0,0.0,0.0,0.0,P00241,recovery_single
ATL,BOTH,1,1,1,201,63,63,,0,,0,0,0.0,2337.7,0.0,0.0,0.0,0.0,0.0,P00242,recovery_single
ORD,NB,1,1,1,204,65,64,,0,,0,0,0.0,2350.25,0.0,0.0,0.0,0.0,0.0,P00149,recovery_single
ORD,BOTH,1,1,1,204,65,64,,0,,0,0,0.0,2350.25,0.0,0.0,0.0,0.0,0.0,P00150,recovery_single
DFW,RJ,2,2,1,210,78,57,,0,,0,0,0.0,2354.2,0.0,0.0,0.0,0.0,0.0,P00587,recovery_single
DFW,BOTH,2,2,1,210,78,57,,0,,0,0,0.0,2354.2,0.0,0.0,0.0,0.0,0.0,P00588,recovery_single
DFW,RJ,1,1,1,172,52,45,AUS,1,AUS_D1,1,4,0.0,2385.8,0.0,0.0,0.0,0.0,0.0,P00403,recovery_single
DFW,BOTH,1,1,1,172,52,45,AUS,1,AUS_D1,1,4,0.0,2385.8,0.0,0.0,0.0,0.0,0.0,P00404,recovery_single
DFW,NB,2,2,1,165,45,45,AUS,1,AUS_D2,2,36,0.0,2394.0,0.0,0.0,0.0,0.0,0.0,P00787,recovery_single
DFW,BOTH,2,2,1,165,45,45,AUS,1,AUS_D2,2,36,0.0,2394.0,0.0,0.0,0.0,0.0,0.0,P00788,recovery_single
ORD,NB,2,2,1,229,100,54,,0,,0,0,0.0,2411.75,0.0,0.0,0.0,0.0,0.0,P00677,recovery_single
ORD,BOTH,2,2,1,229,100,54,,0,,0,0,0.0,2411.75,0.0,0.0,0.0,0.0,0.0,P00678,recovery_single
ORD,RJ,1,1,1,172,45,52,MSP,1,MSP_D1,1,19,0.0,2417.25,0.0,0.0,0.0,0.0,0.0,P00397,recovery_single
ORD,BOTH,1,1,1,172,45,52,MSP,1,MSP_D1,1,19,0.0,2417.25,0.0,0.0,0.0,0.0,0.0,P00398,recovery_single
ATL,NB,1,1,1,214,59,80,,0,,0,0,0.0,2421.85,0.0,0.0,0.0,0.0,0.0,P00481,recovery_single
ATL,BOTH,1,1,1,214,59,80,,0,,0,0,0.0,2421.85,0.0,0.0,0.0,0.0,0.0,P00482,recovery_single
ORD,RJ,1,1,1,222,73,74,,0,,0,0,0.0,2434.95,0.0,0.0,0.0,0.0,0.0,P00453,recovery_single
ORD,BOTH,1,1,1,222,73,74,,0,,0,0,0.0,2434.95,0.0,0.0,0.0,0.0,0.0,P00454,recovery_single
ORD,NB,1,1,1,176,45,56,CLE,1,CLE_D1,1,19,0.0,2440.25,0.0,0.0,0.0,0.0,0.0,P00365,recovery_single
ORD,BOTH,1,1,1,176,45,56,CLE,1,CLE_D1,1,19,0.0,2440.25,0.0,0.0,0.0,0.0,0.0,P00366,recovery_single
ATL,RJ,1,1,1,234,92,67,,0,,0,0,0.0,2459.3,0.0,0.0,0.0,0.0,0.0,P00129,recovery_single
ATL,BOTH,1,1,1,234,92,67,,0,,0,0,0.0,2459.3,0.0,0.0,0.0,0.0,0.0,P00130,recovery_single
DFW,NB,1,1,1,186,46,65,SAT,1,SAT_D1,1,4,0.0,2480.4,0.0,0.0,0.0,0.0,0.0,P00219,recovery_single
DFW,BOTH,1,1,1,186,46,65,SAT,1,SAT_D1,1,4,0.0,2480.4,0.0,0.0,0.0,0.0,0.0,P00220,recovery_single
ORD,NB,2,2,1,179,48,56,CLE,1,CLE_D2,2,51,0.0,2482.45,0.0,0.0,0.0,0.0,0.0,P00525,recovery_single
ORD,BOTH,2,2,1,179,48,56,CLE,1,CLE_D2,2,51,0.0,2482.45,0.0,0.0,0.0,0.0,0.0,P00526,recovery_single
ORD,NB,2,2,1,185,58,52,MSP,1,MSP_D2,2,51,0.0,2493.45,0.0,0.0,0.0,0.0,0.0,P00709,recovery_single
ORD,BOTH,2,2,1,185,58,52,MSP,1,MSP_D2,2,51,0.0,2493.45,0.0,0.0,0.0,0.0,0.0,P00710,recovery_single
ORD,NB,2,2,1,231,53,103,,0,,0,0,0.0,2533.7,0.0,0.0,0.0,0.0,0.0,P00661,recovery_single
ORD,BOTH,2,2,1,231,53,103,,0,,0,0,0.0,2533.7,0.0,0.0,0.0,0.0,0.0,P00662,recovery_single
JFK,RJ,1,1,1,228,45,108,,0,,0,0,0.0,2535.25,0.0,0.0,0.0,0.0,0.0,P00119,recovery_single
JFK,BOTH,1,1,1,228,45,108,,0,,0,0,0.0,2535.25,0.0,0.0,0.0,0.0,0.0,P00120,recovery_single
JFK,NB,2,2,1,191,49,67,IAD,1,IAD_D2,2,38,0.0,2536.1,0.0,0.0,0.0,0.0,0.0,P00655,recovery_single
JFK,BOTH,2,2,1,191,49,67,IAD,1,IAD_D2,2,38,0.0,2536.1,0.0,0.0,0.0,0.0,0.0,P00656,recovery_single
DFW,NB,1,1,1,217,97,45,HOU,1,HOU_D1,1,4,0.0,2538.8,0.0,0.0,0.0,0.0,0.0,P00419,recovery_single
DFW,BOTH,1,1,1,217,97,45,HOU,1,HOU_D1,1,4,0.0,2538.8,0.0,0.0,0.0,0.0,0.0,P00420,recovery_single
JFK,RJ,1,1,1,200,52,73,DCA,1,DCA_D1,1,2,0.0,2544.8,0.0,0.0,0.0,0.0,0.0,P00039,recovery_single
JFK,BOTH,1,1,1,200,52,73,DCA,1,DCA_D1,1,2,0.0,2544.8,0.0,0.0,0.0,0.0,0.0,P00040,recovery_single
ORD,NB,2,2,1,189,45,69,MCI,1,MCI_D2,2,51,0.0,2547.0,0.0,0.0,0.0,0.0,0.0,P00645,recovery_single
ORD,BOTH,2,2,1,189,45,69,MCI,1,MCI_D2,2,51,0.0,2547.0,0.0,0.0,0.0,0.0,0.0,P00646,recovery_single
ATL,NB,2,2,1,245,79,91,,0,,0,0,0.0,2553.1,0.0,0.0,0.0,0.0,0.0,P00633,recovery_single
ATL,BOTH,2,2,1,245,79,91,,0,,0,0,0.0,2553.1,0.0,0.0,0.0,0.0,0.0,P00634,recovery_single
ORD,RJ,1,1,1,196,45,76,DTW,1,DTW_D1,1,19,0.0,2555.25,0.0,0.0,0.0,0.0,0.0,P00053,recovery_single
ORD,BOTH,1,1,1,196,45,76,DTW,1,DTW_D1,1,19,0.0,2555.25,0.0,0.0,0.0,0.0,0.0,P00054,recovery_single
JFK,NB,1,1,1,213,67,71,PHL,1,PHL_D1,1,2,0.0,2584.3,0.0,0.0,0.0,0.0,0.0,P00447,recovery_single
JFK,BOTH,1,1,1,213,67,71,PHL,1,PHL_D1,1,2,0.0,2584.3,0.0,0.0,0.0,0.0,0.0,P00448,recovery_single
ORD,NB,2,2,1,238,48,115,,0,,0,0,0.0,2585.7,0.0,0.0,0.0,0.0,0.0,P00725,recovery_single
ORD,BOTH,2,2,1,238,48,115,,0,,0,0,0.0,2585.7,0.0,0.0,0.0,0.0,0.0,P00726,recovery_single
JFK,RJ,2,2,1,202,54,73,DCA,1,DCA_D2,2,38,0.0,2587.6,0.0,0.0,0.0,0.0,0.0,P00703,recovery_single
JFK,BOTH,2,2,1,202,54,73,DCA,1,DCA_D2,2,38,0.0,2587.6,0.0,0.0,0.0,0.0,0.0,P00704,recovery_single
JFK,NB,1,1,1,217,75,67,IAD,1,IAD_D1,1,2,0.0,2588.5,0.0,0.0,0.0,0.0,0.0,P00159,recovery_single
JFK,BOTH,1,1,1,217,75,67,IAD,1,IAD_D1,1,2,0.0,2588.5,0.0,0.0,0.0,0.0,0.0,P00160,recovery_single
ORD,NB,1,1,1,214,68,71,PIT,1,PIT_D1,1,19,0.0,2604.7,0.0,0.0,0.0,0.0,0.0,P00045,recovery_single
ORD,BOTH,1,1,1,214,68,71,PIT,1,PIT_D1,1,19,0.0,2604.7,0.0,0.0,0.0,0.0,0.0,P00046,recovery_single
ATL,NB,2,2,1,205,65,65,SAV,1,SAV_D2,2,64,0.0,2605.0,0.0,0.0,0.0,0.0,0.0,P00529,recovery_single
ATL,BOTH,2,2,1,205,65,65,SAV,1,SAV_D2,2,64,0.0,2605.0,0.0,0.0,0.0,0.0,0.0,P00530,recovery_single
JFK,NB,1,1,1,220,69,76,BOS,1,BOS_D1,1,2,0.0,2619.85,0.0,0.0,0.0,0.0,0.0,P00295,recovery_single
JFK,BOTH,1,1,1,220,69,76,BOS,1,BOS_D1,1,2,0.0,2619.85,0.0,0.0,0.0,0.0,0.0,P00296,recovery_single
ORD,NB,1,1,1,257,79,103,,0,,0,0,0.0,2622.1,0.0,0.0,0.0,0.0,0.0,P00437,recovery_single
ORD,BOTH,1,1,1,257,79,103,,0,,0,0,0.0,2622.1,0.0,0.0,0.0,0.0,0.0,P00438,recovery_single
ATL,RJ,1,1,1,268,102,91,,0,,0,0,0.0,2631.3,0.0,0.0,0.0,0.0,0.0,P00337,recovery_single
ATL,BOTH,1,1,1,268,102,91,,0,,0,0,0.0,2631.3,0.0,0.0,0.0,0.0,0.0,P00338,recovery_single
ATL,NB,1,1,1,211,74,62,BNA,1,BNA_D1,1,79,0.0,2633.35,0.0,0.0,0.0,0.0,0.0,P00073,recovery_single
ATL,BOTH,1,1,1,211,74,62,BNA,1,BNA_D1,1,79,0.0,2633.35,0.0,0.0,0.0,0.0,0.0,P00074,recovery_single
ORD,RJ,1,1,1,255,65,115,,0,,0,0,0.0,2643.5,0.0,0.0,0.0,0.0,0.0,P00141,recovery_single
ORD,BOTH,1,1,1,255,65,115,,0,,0,0,0.0,2643.5,0.0,0.0,0.0,0.0,0.0,P00142,recovery_single
ATL,NB,1,1,1,273,108,90,,0,,0,0,0.0,2645.95,0.0,0.0,0.0,0.0,0.0,P00097,recovery_single
ATL,BOTH,1,1,1,273,108,90,,0,,0,0,0.0,2645.95,0.0,0.0,0.0,0.0,0.0,P00098,recovery_single
ORD,NB,1,1,1,228,84,69,MCI,1,MCI_D1,1,19,0.0,2647.6,0.0,0.0,0.0,0.0,0.0,P00381,recovery_single
ORD,BOTH,1,1,1,228,84,69,MCI,1,MCI_D1,1,19,0.0,2647.6,0.0,0.0,0.0,0.0,0.0,P00382,recovery_single
ATL,NB,1,1,1,205,52,78,FLL,1,FLL_D1,1,79,0.0,2650.55,0.0,0.0,0.0,0.0,0.0,P00089,recovery_single
ATL,BOTH,1,1,1,205,52,78,FLL,1,FLL_D1,1,79,0.0,2650.55,0.0,0.0,0.0,0.0,0.0,P00090,recovery_single
JFK,NB,2,2,1,276,113,88,,0,,0,0,0.0,2651.45,0.0,0.0,0.0,0.0,0.0,P00775,recovery_single
JFK,BOTH,2,2,1,276,113,88,,0,,0,0,0.0,2651.45,0.0,0.0,0.0,0.0,0.0,P00776,recovery_single
DFW,NB,1,1,1,216,45,96,IAH,1,IAH_D1,1,4,0.0,2655.25,0.0,0.0,0.0,0.0,0.0,P00179,recovery_single
DFW,BOTH,1,1,1,216,45,96,IAH,1,IAH_D1,1,4,0.0,2655.25,0.0,0.0,0.0,0.0,0.0,P00180,recovery_single
ORD,NB,2,2,1,208,45,88,STL,1,STL_D2,2,51,0.0,2656.25,0.0,0.0,0.0,0.0,0.0,P00549,recovery_single
ORD,BOTH,2,2,1,208,45,88,STL,1,STL_D2,2,51,0.0,2656.25,0.0,0.0,0.0,0.0,0.0,P00550,recovery_single
ORD,NB,1,1,1,219,56,88,STL,1,STL_D1,1,19,0.0,2661.65,0.0,0.0,0.0,0.0,0.0,P00261,recovery_single
ORD,BOTH,1,1,1,219,56,88,STL,1,STL_D1,1,19,0.0,2661.65,0.0,0.0,0.0,0.0,0.0,P00262,recovery_single
ATL,NB,2,2,1,214,61,78,FLL,1,FLL_D2,2,64,0.0,2666.15,0.0,0.0,0.0,0.0,0.0,P00625,recovery_single
ATL,BOTH,2,2,1,214,61,78,FLL,1,FLL_D2,2,64,0.0,2666.15,0.0,0.0,0.0,0.0,0.0,P00626,recovery_single
JFK,RJ,2,2,1,268,85,108,,0,,0,0,0.0,2671.25,0.0,0.0,0.0,0.0,0.0,P00799,recovery_single
JFK,BOTH,2,2,1,268,85,108,,0,,0,0,0.0,2671.25,0.0,0.0,0.0,0.0,0.0,P00800,recovery_single
JFK,NB,1,1,1,282,119,88,,0,,0,0,0.0,2671.85,0.0,0.0,0.0,0.0,0.0,P00199,recovery_single
JFK,BOTH,1,1,1,282,119,88,,0,,0,0,0.0,2671.85,0.0,0.0,0.0,0.0,0.0,P00200,recovery_single
ORD,NB,2,2,1,222,71,76,DTW,1,DTW_D2,2,51,0.0,2675.65,0.0,0.0,0.0,0.0,0.0,P00605,recovery_single
ORD,BOTH,2,2,1,222,71,76,DTW,1,DTW_D2,2,51,0.0,2675.65,0.0,0.0,0.0,0.0,0.0,P00606,recovery_single
ATL,NB,1,1,1,220,69,76,RDU,1,RDU_D1,1,79,0.0,2696.85,0.0,0.0,0.0,0.0,0.0,P00017,recovery_single
ATL,BOTH,1,1,1,220,69,76,RDU,1,RDU_D1,1,79,0.0,2696.85,0.0,0.0,0.0,0.0,0.0,P00018,recovery_single
ORD,NB,2,2,1,216,46,95,CMH,1,CMH_D2,2,51,0.0,2699.9,0.0,0.0,0.0,0.0,0.0,P00557,recovery_single
ORD,BOTH,2,2,1,216,46,95,CMH,1,CMH_D2,2,51,0.0,2699.9,0.0,0.0,0.0,0.0,0.0,P00558,recovery_single
ATL,NB,1,1,1,234,100,59,TPA,1,TPA_D1,1,79,0.0,2704.5,0.0,0.0,0.0,0.0,0.0,P00161,recovery_single
ATL,BOTH,1,1,1,234,100,59,TPA,1,TPA_D1,1,79,0.0,2704.5,0.0,0.0,0.0,0.0,0.0,P00162,recovery_single
DFW,RJ,2,2,1,222,51,96,IAH,1,IAH_D2,2,36,0.0,2707.65,0.0,0.0,0.0,0.0,0.0,P00539,recovery_single
DFW,BOTH,2,2,1,222,51,96,IAH,1,IAH_D2,2,36,0.0,2707.65,0.0,0.0,0.0,0.0,0.0,P00540,recovery_single
ATL,NB,2,2,1,241,107,59,TPA,1,TPA_D2,2,64,0.0,2713.3,0.0,0.0,0.0,0.0,0.0,P00617,recovery_single
ATL,BOTH,2,2,1,241,107,59,TPA,1,TPA_D2,2,64,0.0,2713.3,0.0,0.0,0.0,0.0,0.0,P00618,recovery_single
JFK,NB,2,2,1,238,87,76,BOS,1,BOS_D2,2,38,0.0,2717.05,0.0,0.0,0.0,0.0,0.0,P00583,recovery_single
JFK,BOTH,2,2,1,238,87,76,BOS,1,BOS_D2,2,38,0.0,2717.05,0.0,0.0,0.0,0.0,0.0,P00584,recovery_single
ATL,NB,1,1,1,234,83,76,CLT,1,CLT_D1,1,79,0.0,2744.45,0.0,0.0,0.0,0.0,0.0,P00001,recovery_single
ATL,BOTH,1,1,1,234,83,76,CLT,1,CLT_D1,1,79,0.0,2744.45,0.0,0.0,0.0,0.0,0.0,P00002,recovery_single
JFK,NB,1,1,1,241,77,89,FLL,1,FLL_D1,1,66,0.0,2785.8,0.0,0.0,0.0,0.0,0.0,P00015,recovery_single
JFK,BOTH,1,1,1,241,77,89,FLL,1,FLL_D1,1,66,0.0,2785.8,0.0,0.0,0.0,0.0,0.0,P00016,recovery_single
ATL,NB,1,1,1,231,58,98,MIA,1,MIA_D1,1,79,0.0,2785.95,0.0,0.0,0.0,0.0,0.0,P00409,recovery_single
ATL,BOTH,1,1,1,231,58,98,MIA,1,MIA_D1,1,79,0.0,2785.95,0.0,0.0,0.0,0.0,0.0,P00410,recovery_single
ATL,RJ,1,1,1,256,116,65,SAV,1,SAV_D1,1,79,0.0,2793.4,0.0,0.0,0.0,0.0,0.0,P00201,recovery_single
ATL,BOTH,1,1,1,256,116,65,SAV,1,SAV_D1,1,79,0.0,2793.4,0.0,0.0,0.0,0.0,0.0,P00202,recovery_single
ORD,RJ,1,1,1,253,83,95,CMH,1,CMH_D1,1,19,0.0,2793.7,0.0,0.0,0.0,0.0,0.0,P00213,recovery_single
ORD,BOTH,1,1,1,253,83,95,CMH,1,CMH_D1,1,19,0.0,2793.7,0.0,0.0,0.0,0.0,0.0,P00214,recovery_single
JFK,NB,2,2,1,256,99,82,CLT,1,CLT_D2,2,47,0.0,2801.35,0.0,0.0,0.0,0.0,0.0,P00599,recovery_single
JFK,BOTH,2,2,1,256,99,82,CLT,1,CLT_D2,2,47,0.0,2801.35,0.0,0.0,0.0,0.0,0.0,P00600,recovery_single
JFK,NB,1,1,1,319,144,100,,0,,0,0,0.0,2825.85,0.0,0.0,0.0,0.0,0.0,P00319,recovery_single
JFK,BOTH,1,1,1,319,144,100,,0,,0,0,0.0,2825.85,0.0,0.0,0.0,0.0,0.0,P00320,recovery_single
ATL,RJ,1,1,1,269,115,79,MCO,1,MCO_D1,1,79,0.0,2870.5,0.0,0.0,0.0,0.0,0.0,P00025,recovery_single
ATL,BOTH,1,1,1,269,115,79,MCO,1,MCO_D1,1,79,0.0,2870.5,0.0,0.0,0.0,0.0,0.0,P00026,recovery_single
JFK,NB,1,1,1,272,115,82,CLT,1,CLT_D1,1,66,0.0,2874.75,0.0,0.0,0.0,0.0,0.0,P00063,recovery_single
JFK,BOTH,1,1,1,272,115,82,CLT,1,CLT_D1,1,66,0.0,2874.75,0.0,0.0,0.0,0.0,0.0,P00064,recovery_single
JFK,NB,1,1,1,323,130,118,,0,,0,0,0.0,2881.75,0.0,0.0,0.0,0.0,0.0,P00351,recovery_single
JFK,BOTH,1,1,1,323,130,118,,0,,0,0,0.0,2881.75,0.0,0.0,0.0,0.0,0.0,P00352,recovery_single
DFW,NB,1,1,1,331,115,141,,0,,0,0,0.0,2963.0,0.0,0.0,0.0,0.0,0.0,P00235,recovery_single
DFW,BOTH,1,1,1,331,115,141,,0,,0,0,0.0,2963.0,0.0,0.0,0.0,0.0,0.0,P00236,recovery_single
JFK,NB,1,1,1,349,148,126,,0,,0,0,0.0,2988.95,0.0,0.0,0.0,0.0,0.0,P00127,recovery_single
JFK,BOTH,1,1,1,349,148,126,,0,,0,0,0.0,2988.95,0.0,0.0,0.0,0.0,0.0,P00128,recovery_single
JFK,NB,1,1,1,285,94,116,RDU,1,RDU_D1,1,66,0.0,2998.85,0.0,0.0,0.0,0.0,0.0,P00191,recovery_single
JFK,BOTH,1,1,1,285,94,116,RDU,1,RDU_D1,1,66,0.0,2998.85,0.0,0.0,0.0,0.0,0.0,P00192,recovery_single
JFK,NB,1,1,1,324,58,191,,0,,1,0,0.0,3056.7,0.0,0.0,0.0,0.0,0.0,P00303,recovery_single
JFK,BOTH,1,1,1,324,58,191,,0,,1,0,0.0,3056.7,0.0,0.0,0.0,0.0,0.0,P00304,recovery_single
JFK,NB,2,2,1,328,62,191,,0,,2,0,0.0,3070.3,0.0,0.0,0.0,0.0,0.0,P00759,recovery_single
JFK,BOTH,2,2,1,328,62,191,,0,,2,0,0.0,3070.3,0.0,0.0,0.0,0.0,0.0,P00760,recovery_single
JFK,RJ,1,1,1,323,45,203,,0,,1,0,0.0,3081.5,0.0,0.0,0.0,0.0,0.0,P00327,recovery_single
JFK,BOTH,1,1,1,323,45,203,,0,,1,0,0.0,3081.5,0.0,0.0,0.0,0.0,0.0,P00328,recovery_single
JFK,NB,1,1,1,339,71,193,,0,,1,0,0.0,3112.4,0.0,0.0,0.0,0.0,0.0,P00111,recovery_single
JFK,BOTH,1,1,1,339,71,193,,0,,1,0,0.0,3112.4,0.0,0.0,0.0,0.0,0.0,P00112,recovery_single
JFK,NB,2,2,1,331,48,208,,0,,2,0,0.0,3120.45,0.0,0.0,0.0,0.0,0.0,P00727,recovery_single
JFK,BOTH,2,2,1,331,48,208,,0,,2,0,0.0,3120.45,0.0,0.0,0.0,0.0,0.0,P00728,recovery_single
DFW,NB,2,2,1,380,164,141,,0,,0,0,0.0,3129.6,0.0,0.0,0.0,0.0,0.0,P00683,recovery_single
DFW,BOTH,2,2,1,380,164,141,,0,,0,0,0.0,3129.6,0.0,0.0,0.0,0.0,0.0,P00684,recovery_single
ORD,NB,2,2,1,350,79,196,,0,,2,0,0.0,3156.85,0.0,0.0,0.0,0.0,0.0,P00637,recovery_single
ORD,BOTH,2,2,1,350,79,196,,0,,2,0,0.0,3156.85,0.0,0.0,0.0,0.0,0.0,P00638,recovery_single
ATL,NB,2,2,1,338,45,218,,0,,2,0,0.0,3167.75,0.0,0.0,0.0,0.0,0.0,P00689,recovery_single
ATL,BOTH,2,2,1,338,45,218,,0,,2,0,0.0,3167.75,0.0,0.0,0.0,0.0,0.0,P00690,recovery_single
JFK,NB,1,1,1,364,108,181,,0,,1,0,0.0,3169.2,0.0,0.0,0.0,0.0,0.0,P00103,recovery_single
JFK,BOTH,1,1,1,364,108,181,,0,,1,0,0.0,3169.2,0.0,0.0,0.0,0.0,0.0,P00104,recovery_single
ATL,NB,1,1,1,340,47,218,,0,,1,0,0.0,3174.55,0.0,0.0,0.0,0.0,0.0,P00425,recovery_single
ATL,BOTH,1,1,1,340,47,218,,0,,1,0,0.0,3174.55,0.0,0.0,0.0,0.0,0.0,P00426,recovery_single
JFK,NB,1,1,1,345,59,211,,0,,1,0,0.0,3175.1,0.0,0.0,0.0,0.0,0.0,P00487,recovery_single
JFK,BOTH,1,1,1,345,59,211,,0,,1,0,0.0,3175.1,0.0,0.0,0.0,0.0,0.0,P00488,recovery_single
JFK,RJ,1,1,1,348,65,208,,0,,1,0,0.0,3178.25,0.0,0.0,0.0,0.0,0.0,P00143,recovery_single
JFK,BOTH,1,1,1,348,65,208,,0,,1,0,0.0,3178.25,0.0,0.0,0.0,0.0,0.0,P00144,recovery_single
JFK,NB,2,2,1,341,47,219,,0,,2,0,0.0,3180.3,0.0,0.0,0.0,0.0,0.0,P00767,recovery_single
JFK,BOTH,2,2,1,341,47,219,,0,,2,0,0.0,3180.3,0.0,0.0,0.0,0.0,0.0,P00768,recovery_single
JFK,NB,2,2,1,345,53,217,,0,,2,0,0.0,3189.2,0.0,0.0,0.0,0.0,0.0,P00663,recovery_single
JFK,BOTH,2,2,1,345,53,217,,0,,2,0,0.0,3189.2,0.0,0.0,0.0,0.0,0.0,P00664,recovery_single
DFW,NB,2,2,1,320,104,141,MCI,1,MCI_D2,2,79,0.0,3189.6,0.0,0.0,0.0,0.0,0.0,P00563,recovery_single
DFW,BOTH,2,2,1,320,104,141,MCI,1,MCI_D2,2,79,0.0,3189.6,0.0,0.0,0.0,0.0,0.0,P00564,recovery_single
JFK,RJ,1,1,1,356,73,208,,0,,1,0,0.0,3205.45,0.0,0.0,0.0,0.0,0.0,P00455,recovery_single
JFK,BOTH,1,1,1,356,73,208,,0,,1,0,0.0,3205.45,0.0,0.0,0.0,0.0,0.0,P00456,recovery_single
JFK,NB,1,1,1,352,62,215,,0,,1,0,0.0,3208.3,0.0,0.0,0.0,0.0,0.0,P00495,recovery_single
JFK,BOTH,1,1,1,352,62,215,,0,,1,0,0.0,3208.3,0.0,0.0,0.0,0.0,0.0,P00496,recovery_single
JFK,NB,2,2,1,354,64,215,,0,,2,0,0.0,3215.1,0.0,0.0,0.0,0.0,0.0,P00743,recovery_single
JFK,BOTH,2,2,1,354,64,215,,0,,2,0,0.0,3215.1,0.0,0.0,0.0,0.0,0.0,P00744,recovery_single
ORD,NB,1,1,1,357,71,211,,0,,1,0,0.0,3215.9,0.0,0.0,0.0,0.0,0.0,P00109,recovery_single
ORD,BOTH,1,1,1,357,71,211,,0,,1,0,0.0,3215.9,0.0,0.0,0.0,0.0,0.0,P00110,recovery_single
ORD,NB,1,1,1,353,59,219,,0,,1,0,0.0,3221.1,0.0,0.0,0.0,0.0,0.0,P00485,recovery_single
ORD,BOTH,1,1,1,353,59,219,,0,,1,0,0.0,3221.1,0.0,0.0,0.0,0.0,0.0,P00486,recovery_single
ORD,NB,1,1,1,376,115,186,,0,,1,0,0.0,3221.75,0.0,0.0,0.0,0.0,0.0,P00237,recovery_single
ORD,BOTH,1,1,1,376,115,186,,0,,1,0,0.0,3221.75,0.0,0.0,0.0,0.0,0.0,P00238,recovery_single
JFK,NB,1,1,1,357,63,219,,0,,1,0,0.0,3234.7,0.0,0.0,0.0,0.0,0.0,P00247,recovery_single
JFK,BOTH,1,1,1,357,63,219,,0,,1,0,0.0,3234.7,0.0,0.0,0.0,0.0,0.0,P00248,recovery_single
ORD,RJ,1,1,1,373,102,196,,0,,1,0,0.0,3235.05,0.0,0.0,0.0,0.0,0.0,P00341,recovery_single
ORD,BOTH,1,1,1,373,102,196,,0,,1,0,0.0,3235.05,0.0,0.0,0.0,0.0,0.0,P00342,recovery_single
ATL,NB,1,1,1,359,65,219,,0,,1,0,0.0,3241.5,0.0,0.0,0.0,0.0,0.0,P00145,recovery_single
ATL,BOTH,1,1,1,359,65,219,,0,,1,0,0.0,3241.5,0.0,0.0,0.0,0.0,0.0,P00146,recovery_single
ATL,NB,1,1,1,357,59,223,,0,,1,0,0.0,3244.1,0.0,0.0,0.0,0.0,0.0,P00369,recovery_single
ATL,BOTH,1,1,1,357,59,223,,0,,1,0,0.0,3244.1,0.0,0.0,0.0,0.0,0.0,P00370,recovery_single
ATL,NB,1,1,1,318,67,176,PHL,1,PHL_D1,1,61,0.0,3247.05,0.0,0.0,0.0,0.0,0.0,P00441,recovery_single
ATL,BOTH,1,1,1,318,67,176,PHL,1,PHL_D1,1,61,0.0,3247.05,0.0,0.0,0.0,0.0,0.0,P00442,recovery_single
JFK,NB,1,1,1,341,125,141,MIA,1,MIA_D1,1,66,0.0,3248.0,0.0,0.0,0.0,0.0,0.0,P00231,recovery_single
JFK,BOTH,1,1,1,341,125,141,MIA,1,MIA_D1,1,66,0.0,3248.0,0.0,0.0,0.0,0.0,0.0,P00232,recovery_single
ATL,RJ,1,1,1,352,45,232,,0,,1,0,0.0,3248.25,0.0,0.0,0.0,0.0,0.0,P00321,recovery_single
ATL,BOTH,1,1,1,352,45,232,,0,,1,0,0.0,3248.25,0.0,0.0,0.0,0.0,0.0,P00322,recovery_single
ATL,NB,1,1,1,393,144,174,,0,,1,0,0.0,3251.35,0.0,0.0,0.0,0.0,0.0,P00313,recovery_single
ATL,BOTH,1,1,1,393,144,174,,0,,1,0,0.0,3251.35,0.0,0.0,0.0,0.0,0.0,P00314,recovery_single
JFK,NB,1,1,1,361,65,221,,0,,1,0,0.0,3253.0,0.0,0.0,0.0,0.0,0.0,P00151,recovery_single
JFK,BOTH,1,1,1,361,65,221,,0,,1,0,0.0,3253.0,0.0,0.0,0.0,0.0,0.0,P00152,recovery_single
ORD,RJ,1,1,1,353,45,233,,0,,1,0,0.0,3254.0,0.0,0.0,0.0,0.0,0.0,P00117,recovery_single
ORD,BOTH,1,1,1,353,45,233,,0,,1,0,0.0,3254.0,0.0,0.0,0.0,0.0,0.0,P00118,recovery_single
JFK,RJ,1,1,1,373,92,206,,0,,1,0,0.0,3258.55,0.0,0.0,0.0,0.0,0.0,P00135,recovery_single
JFK,BOTH,1,1,1,373,92,206,,0,,1,0,0.0,3258.55,0.0,0.0,0.0,0.0,0.0,P00136,recovery_single
JFK,NB,2,2,1,378,100,203,,0,,2,0,0.0,3268.5,0.0,0.0,0.0,0.0,0.0,P00679,recovery_single
JFK,BOTH,2,2,1,378,100,203,,0,,2,0,0.0,3268.5,0.0,0.0,0.0,0.0,0.0,P00680,recovery_single
ATL,NB,1,1,1,323,77,171,FLL,1,FLL_D1,1,79,0.0,3270.3,0.0,0.0,0.0,0.0,0.0,P00009,recovery_single
ATL,BOTH,1,1,1,323,77,171,FLL,1,FLL_D1,1,79,0.0,3270.3,0.0,0.0,0.0,0.0,0.0,P00010,recovery_single
ORD,NB,1,1,1,362,58,229,,0,,1,0,0.0,3275.2,0.0,0.0,0.0,0.0,0.0,P00301,recovery_single
ORD,BOTH,1,1,1,362,58,229,,0,,1,0,0.0,3275.2,0.0,0.0,0.0,0.0,0.0,P00302,recovery_single
ATL,NB,1,1,1,364,62,227,,0,,1,0,0.0,3277.3,0.0,0.0,0.0,0.0,0.0,P00489,recovery_single
ATL,BOTH,1,1,1,364,62,227,,0,,1,0,0.0,3277.3,0.0,0.0,0.0,0.0,0.0,P00490,recovery_single
JFK,NB,1,1,1,371,79,217,,0,,1,0,0.0,3277.6,0.0,0.0,0.0,0.0,0.0,P00439,recovery_single
JFK,BOTH,1,1,1,371,79,217,,0,,1,0,0.0,3277.6,0.0,0.0,0.0,0.0,0.0,P00440,recovery_single
DFW,NB,1,1,1,351,135,141,MCI,1,MCI_D1,1,67,0.0,3283.0,0.0,0.0,0.0,0.0,0.0,P00067,recovery_single
DFW,BOTH,1,1,1,351,135,141,MCI,1,MCI_D1,1,67,0.0,3283.0,0.0,0.0,0.0,0.0,0.0,P00068,recovery_single
JFK,NB,2,2,1,372,79,218,,0,,2,0,0.0,3283.35,0.0,0.0,0.0,0.0,0.0,P00639,recovery_single
JFK,BOTH,2,2,1,372,79,218,,0,,2,0,0.0,3283.35,0.0,0.0,0.0,0.0,0.0,P00640,recovery_single
ATL,NB,2,2,1,366,64,227,,0,,2,0,0.0,3284.1,0.0,0.0,0.0,0.0,0.0,P00737,recovery_single
ATL,BOTH,2,2,1,366,64,227,,0,,2,0,0.0,3284.1,0.0,0.0,0.0,0.0,0.0,P00738,recovery_single
ORD,NB,2,2,1,359,45,239,,0,,2,0,0.0,3288.5,0.0,0.0,0.0,0.0,0.0,P00693,recovery_single
ORD,BOTH,2,2,1,359,45,239,,0,,2,0,0.0,3288.5,0.0,0.0,0.0,0.0,0.0,P00694,recovery_single
ORD,NB,2,2,1,366,62,229,,0,,2,0,0.0,3288.8,0.0,0.0,0.0,0.0,0.0,P00757,recovery_single
ORD,BOTH,2,2,1,366,62,229,,0,,2,0,0.0,3288.8,0.0,0.0,0.0,0.0,0.0,P00758,recovery_single
JFK,NB,1,1,1,365,59,231,,0,,1,0,0.0,3290.1,0.0,0.0,0.0,0.0,0.0,P00375,recovery_single
JFK,BOTH,1,1,1,365,59,231,,0,,1,0,0.0,3290.1,0.0,0.0,0.0,0.0,0.0,P00376,recovery_single
ORD,NB,1,1,1,361,47,239,,0,,1,0,0.0,3295.3,0.0,0.0,0.0,0.0,0.0,P00429,recovery_single
ORD,BOTH,1,1,1,361,47,239,,0,,1,0,0.0,3295.3,0.0,0.0,0.0,0.0,0.0,P00430,recovery_single
ATL,NB,2,2,1,373,75,223,,0,,2,0,0.0,3298.5,0.0,0.0,0.0,0.0,0.0,P00665,recovery_single
ATL,BOTH,2,2,1,373,75,223,,0,,2,0,0.0,3298.5,0.0,0.0,0.0,0.0,0.0,P00666,recovery_single
ATL,NB,1,1,1,403,148,180,,0,,1,0,0.0,3299.45,0.0,0.0,0.0,0.0,0.0,P00121,recovery_single
ATL,BOTH,1,1,1,403,148,180,,0,,1,0,0.0,3299.45,0.0,0.0,0.0,0.0,0.0,P00122,recovery_single
ATL,NB,1,1,1,338,94,169,RDU,1,RDU_D1,1,79,0.0,3316.6,0.0,0.0,0.0,0.0,0.0,P00185,recovery_single
ATL,BOTH,1,1,1,338,94,169,RDU,1,RDU_D1,1,79,0.0,3316.6,0.0,0.0,0.0,0.0,0.0,P00186,recovery_single
ATL,NB,2,2,1,343,99,169,CLT,1,CLT_D2,2,64,0.0,3318.6,0.0,0.0,0.0,0.0,0.0,P00593,recovery_single
ATL,BOTH,2,2,1,343,99,169,CLT,1,CLT_D2,2,64,0.0,3318.6,0.0,0.0,0.0,0.0,0.0,P00594,recovery_single
ATL,NB,2,2,1,366,48,243,,0,,2,0,0.0,3321.7,0.0,0.0,0.0,0.0,0.0,P00721,recovery_single
ATL,BOTH,2,2,1,366,48,243,,0,,2,0,0.0,3321.7,0.0,0.0,0.0,0.0,0.0,P00722,recovery_single
ORD,NB,1,1,1,365,45,245,,0,,1,0,0.0,3323.0,0.0,0.0,0.0,0.0,0.0,P00477,recovery_single
ORD,BOTH,1,1,1,365,45,245,,0,,1,0,0.0,3323.0,0.0,0.0,0.0,0.0,0.0,P00478,recovery_single
ORD,NB,2,2,1,366,47,244,,0,,2,0,0.0,3324.05,0.0,0.0,0.0,0.0,0.0,P00765,recovery_single
ORD,BOTH,2,2,1,366,47,244,,0,,2,0,0.0,3324.05,0.0,0.0,0.0,0.0,0.0,P00766,recovery_single
ATL,RJ,1,1,1,327,52,200,DCA,1,DCA_D1,1,61,0.0,3334.05,0.0,0.0,0.0,0.0,0.0,P00033,recovery_single
ATL,BOTH,1,1,1,327,52,200,DCA,1,DCA_D1,1,61,0.0,3334.05,0.0,0.0,0.0,0.0,0.0,P00034,recovery_single
ATL,NB,2,2,1,395,113,207,,0,,2,0,0.0,3335.7,0.0,0.0,0.0,0.0,0.0,P00769,recovery_single
ATL,BOTH,2,2,1,395,113,207,,0,,2,0,0.0,3335.7,0.0,0.0,0.0,0.0,0.0,P00770,recovery_single
ATL,NB,1,1,1,402,130,197,,0,,1,0,0.0,3336.0,0.0,0.0,0.0,0.0,0.0,P00345,recovery_single
ATL,BOTH,1,1,1,402,130,197,,0,,1,0,0.0,3336.0,0.0,0.0,0.0,0.0,0.0,P00346,recovery_single
ORD,NB,2,2,1,384,85,224,,0,,2,0,0.0,3338.25,0.0,0.0,0.0,0.0,0.0,P00613,recovery_single
ORD,BOTH,2,2,1,384,85,224,,0,,2,0,0.0,3338.25,0.0,0.0,0.0,0.0,0.0,P00614,recovery_single
ORD,NB,1,1,1,377,67,235,,0,,1,0,0.0,3340.3,0.0,0.0,0.0,0.0,0.0,P00253,recovery_single
ORD,BOTH,1,1,1,377,67,235,,0,,1,0,0.0,3340.3,0.0,0.0,0.0,0.0,0.0,P00254,recovery_single
JFK,NB,2,2,1,381,75,231,,0,,2,0,0.0,3344.5,0.0,0.0,0.0,0.0,0.0,P00671,recovery_single
JFK,BOTH,2,2,1,381,75,231,,0,,2,0,0.0,3344.5,0.0,0.0,0.0,0.0,0.0,P00672,recovery_single
ORD,NB,1,1,1,396,108,213,,0,,1,0,0.0,3353.2,0.0,0.0,0.0,0.0,0.0,P00101,recovery_single
ORD,BOTH,1,1,1,396,108,213,,0,,1,0,0.0,3353.2,0.0,0.0,0.0,0.0,0.0,P00102,recovery_single
ATL,NB,1,1,1,401,119,207,,0,,1,0,0.0,3356.1,0.0,0.0,0.0,0.0,0.0,P00193,recovery_single
ATL,BOTH,1,1,1,401,119,207,,0,,1,0,0.0,3356.1,0.0,0.0,0.0,0.0,0.0,P00194,recovery_single
JFK,RJ,1,1,1,395,102,218,,0,,1,0,0.0,3361.55,0.0,0.0,0.0,0.0,0.0,P00343,recovery_single
JFK,BOTH,1,1,1,395,102,218,,0,,1,0,0.0,3361.55,0.0,0.0,0.0,0.0,0.0,P00344,recovery_single
JFK,NB,2,2,1,335,45,215,MCI,1,MCI_D2,2,28,0.0,3363.5,0.0,0.0,0.0,0.0,0.0,P00647,recovery_single
JFK,BOTH,2,2,1,335,45,215,MCI,1,MCI_D2,2,28,0.0,3363.5,0.0,0.0,0.0,0.0,0.0,P00648,recovery_single
ATL,RJ,2,2,1,329,54,200,DCA,1,DCA_D2,2,84,0.0,3363.85,0.0,0.0,0.0,0.0,0.0,P00697,recovery_single
ATL,BOTH,2,2,1,329,54,200,DCA,1,DCA_D2,2,84,0.0,3363.85,0.0,0.0,0.0,0.0,0.0,P00698,recovery_single
ORD,NB,1,1,1,379,61,243,,0,,1,0,0.0,3365.9,0.0,0.0,0.0,0.0,0.0,P00269,recovery_single
ORD,BOTH,1,1,1,379,61,243,,0,,1,0,0.0,3365.9,0.0,0.0,0.0,0.0,0.0,P00270,recovery_single
ORD,NB,2,2,1,401,113,213,,0,,2,0,0.0,3370.2,0.0,0.0,0.0,0.0,0.0,P00773,recovery_single
ORD,BOTH,2,2,1,401,113,213,,0,,2,0,0.0,3370.2,0.0,0.0,0.0,0.0,0.0,P00774,recovery_single
JFK,NB,1,1,1,333,52,206,FLL,1,FLL_D1,1,66,0.0,3373.55,0.0,0.0,0.0,0.0,0.0,P00095,recovery_single
JFK,BOTH,1,1,1,333,52,206,FLL,1,FLL_D1,1,66,0.0,3373.55,0.0,0.0,0.0,0.0,0.0,P00096,recovery_single
ORD,NB,1,1,1,382,63,244,,0,,1,0,0.0,3378.45,0.0,0.0,0.0,0.0,0.0,P00245,recovery_single
ORD,BOTH,1,1,1,382,63,244,,0,,1,0,0.0,3378.45,0.0,0.0,0.0,0.0,0.0,P00246,recovery_single
ATL,RJ,1,1,1,383,65,243,,0,,1,0,0.0,3379.5,0.0,0.0,0.0,0.0,0.0,P00137,recovery_single
ATL,BOTH,1,1,1,383,65,243,,0,,1,0,0.0,3379.5,0.0,0.0,0.0,0.0,0.0,P00138,recovery_single
ORD,RJ,1,1,1,334,52,207,DCA,1,DCA_D1,1,70,0.0,3383.3,0.0,0.0,0.0,0.0,0.0,P00037,recovery_single
ORD,BOTH,1,1,1,334,52,207,DCA,1,DCA_D1,1,70,0.0,3383.3,0.0,0.0,0.0,0.0,0.0,P00038,recovery_single
JFK,NB,2,2,1,342,61,206,FLL,1,FLL_D2,2,47,0.0,3385.15,0.0,0.0,0.0,0.0,0.0,P00631,recovery_single
JFK,BOTH,2,2,1,342,61,206,FLL,1,FLL_D2,2,47,0.0,3385.15,0.0,0.0,0.0,0.0,0.0,P00632,recovery_single
ATL,NB,2,2,1,331,49,207,IAD,1,IAD_D2,2,84,0.0,3387.1,0.0,0.0,0.0,0.0,0.0,P00649,recovery_single
ATL,BOTH,2,2,1,331,49,207,IAD,1,IAD_D2,2,84,0.0,3387.1,0.0,0.0,0.0,0.0,0.0,P00650,recovery_single
ATL,NB,1,1,1,359,115,169,CLT,1,CLT_D1,1,79,0.0,3388.0,0.0,0.0,0.0,0.0,0.0,P00057,recovery_single
ATL,BOTH,1,1,1,359,115,169,CLT,1,CLT_D1,1,79,0.0,3388.0,0.0,0.0,0.0,0.0,0.0,P00058,recovery_single
ORD,NB,2,2,1,425,164,186,,0,,2,0,0.0,3388.35,0.0,0.0,0.0,0.0,0.0,P00685,recovery_single
ORD,BOTH,2,2,1,425,164,186,,0,,2,0,0.0,3388.35,0.0,0.0,0.0,0.0,0.0,P00686,recovery_single
ORD,RJ,2,2,1,393,85,233,,0,,2,0,0.0,3390.0,0.0,0.0,0.0,0.0,0.0,P00797,recovery_single
ORD,BOTH,2,2,1,393,85,233,,0,,2,0,0.0,3390.0,0.0,0.0,0.0,0.0,0.0,P00798,recovery_single
ORD,NB,1,1,1,407,119,213,,0,,1,0,0.0,3390.6,0.0,0.0,0.0,0.0,0.0,P00197,recovery_single
ORD,BOTH,1,1,1,407,119,213,,0,,1,0,0.0,3390.6,0.0,0.0,0.0,0.0,0.0,P00198,recovery_single
ORD,RJ,2,2,1,336,54,207,DCA,1,DCA_D2,2,83,0.0,3403.1,0.0,0.0,0.0,0.0,0.0,P00701,recovery_single
ORD,BOTH,2,2,1,336,54,207,DCA,1,DCA_D2,2,83,0.0,3403.1,0.0,0.0,0.0,0.0,0.0,P00702,recovery_single
ATL,NB,1,1,1,379,45,259,,0,,1,0,0.0,3403.5,0.0,0.0,0.0,0.0,0.0,P00473,recovery_single
ATL,BOTH,1,1,1,379,45,259,,0,,1,0,0.0,3403.5,0.0,0.0,0.0,0.0,0.0,P00474,recovery_single
JFK,NB,1,1,1,388,67,246,,0,,1,0,0.0,3403.55,0.0,0.0,0.0,0.0,0.0,P00255,recovery_single
JFK,BOTH,1,1,1,388,67,246,,0,,1,0,0.0,3403.55,0.0,0.0,0.0,0.0,0.0,P00256,recovery_single
JFK,RJ,1,1,1,337,45,217,DTW,1,DTW_D1,1,58,0.0,3405.0,0.0,0.0,0.0,0.0,0.0,P00055,recovery_single
JFK,BOTH,1,1,1,337,45,217,DTW,1,DTW_D1,1,58,0.0,3405.0,0.0,0.0,0.0,0.0,0.0,P00056,recovery_single
ORD,NB,1,1,1,354,77,202,FLL,1,FLL_D1,1,39,0.0,3408.55,0.0,0.0,0.0,0.0,0.0,P00013,recovery_single
ORD,BOTH,1,1,1,354,77,202,FLL,1,FLL_D1,1,39,0.0,3408.55,0.0,0.0,0.0,0.0,0.0,P00014,recovery_single
DFW,NB,1,1,1,435,178,182,,0,,0,0,0.0,3412.95,0.0,0.0,0.0,0.0,0.0,P00499,recovery_single
DFW,BOTH,1,1,1,435,178,182,,0,,0,0,0.0,3412.95,0.0,0.0,0.0,0.0,0.0,P00500,recovery_single
ATL,NB,1,1,1,381,45,261,,0,,1,0,0.0,3415.0,0.0,0.0,0.0,0.0,0.0,P00305,recovery_single
ATL,BOTH,1,1,1,381,45,261,,0,,1,0,0.0,3415.0,0.0,0.0,0.0,0.0,0.0,P00306,recovery_single
ATL,NB,1,1,1,393,74,244,,0,,1,0,0.0,3415.85,0.0,0.0,0.0,0.0,0.0,P00273,recovery_single
ATL,BOTH,1,1,1,393,74,244,,0,,1,0,0.0,3415.85,0.0,0.0,0.0,0.0,0.0,P00274,recovery_single
ORD,NB,1,1,1,346,67,204,PHL,1,PHL_D1,1,70,0.0,3417.05,0.0,0.0,0.0,0.0,0.0,P00445,recovery_single
ORD,BOTH,1,1,1,346,67,204,PHL,1,PHL_D1,1,70,0.0,3417.05,0.0,0.0,0.0,0.0,0.0,P00446,recovery_single
DFW,NB,1,1,1,388,59,254,,0,,1,0,0.0,3422.35,0.0,0.0,0.0,0.0,0.0,P00371,recovery_single
DFW,BOTH,1,1,1,388,59,254,,0,,1,0,0.0,3422.35,0.0,0.0,0.0,0.0,0.0,P00372,recovery_single
ORD,RJ,2,2,1,396,78,243,,0,,2,0,0.0,3423.7,0.0,0.0,0.0,0.0,0.0,P00589,recovery_single
ORD,BOTH,2,2,1,396,78,243,,0,,2,0,0.0,3423.7,0.0,0.0,0.0,0.0,0.0,P00590,recovery_single
ATL,NB,2,2,1,386,53,258,,0,,2,0,0.0,3424.95,0.0,0.0,0.0,0.0,0.0,P00657,recovery_single
ATL,BOTH,2,2,1,386,53,258,,0,,2,0,0.0,3424.95,0.0,0.0,0.0,0.0,0.0,P00658,recovery_single
JFK,NB,2,2,1,347,48,224,CLE,1,CLE_D2,2,28,0.0,3425.45,0.0,0.0,0.0,0.0,0.0,P00527,recovery_single
JFK,BOTH,2,2,1,347,48,224,CLE,1,CLE_D2,2,28,0.0,3425.45,0.0,0.0,0.0,0.0,0.0,P00528,recovery_single
DFW,NB,1,1,1,391,65,251,,0,,1,0,0.0,3425.5,0.0,0.0,0.0,0.0,0.0,P00147,recovery_single
DFW,BOTH,1,1,1,391,65,251,,0,,1,0,0.0,3425.5,0.0,0.0,0.0,0.0,0.0,P00148,recovery_single
ATL,NB,2,2,1,396,77,244,,0,,2,0,0.0,3426.05,0.0,0.0,0.0,0.0,0.0,P00713,recovery_single
ATL,BOTH,2,2,1,396,77,244,,0,,2,0,0.0,3426.05,0.0,0.0,0.0,0.0,0.0,P00714,recovery_single
JFK,RJ,1,1,1,341,45,221,MSP,1,MSP_D1,1,58,0.0,3428.0,0.0,0.0,0.0,0.0,0.0,P00399,recovery_single
JFK,BOTH,1,1,1,341,45,221,MSP,1,MSP_D1,1,58,0.0,3428.0,0.0,0.0,0.0,0.0,0.0,P00400,recovery_single
ATL,NB,2,2,1,407,100,232,,0,,2,0,0.0,3435.25,0.0,0.0,0.0,0.0,0.0,P00673,recovery_single
ATL,BOTH,2,2,1,407,100,232,,0,,2,0,0.0,3435.25,0.0,0.0,0.0,0.0,0.0,P00674,recovery_single
JFK,NB,1,1,1,357,83,199,CLT,1,CLT_D1,1,66,0.0,3438.7,0.0,0.0,0.0,0.0,0.0,P00007,recovery_single
JFK,BOTH,1,1,1,357,83,199,CLT,1,CLT_D1,1,66,0.0,3438.7,0.0,0.0,0.0,0.0,0.0,P00008,recovery_single
JFK,NB,2,2,1,354,58,221,MSP,1,MSP_D2,2,28,0.0,3442.2,0.0,0.0,0.0,0.0,0.0,P00711,recovery_single
JFK,BOTH,2,2,1,354,58,221,MSP,1,MSP_D2,2,28,0.0,3442.2,0.0,0.0,0.0,0.0,0.0,P00712,recovery_single
JFK,NB,1,1,1,344,45,224,CLE,1,CLE_D1,1,58,0.0,3445.25,0.0,0.0,0.0,0.0,0.0,P00367,recovery_single
JFK,BOTH,1,1,1,344,45,224,CLE,1,CLE_D1,1,58,0.0,3445.25,0.0,0.0,0.0,0.0,0.0,P00368,recovery_single
ATL,NB,2,2,1,340,45,220,MCI,1,MCI_D2,2,81,0.0,3445.25,0.0,0.0,0.0,0.0,0.0,P00641,recovery_single
ATL,BOTH,2,2,1,340,45,220,MCI,1,MCI_D2,2,81,0.0,3445.25,0.0,0.0,0.0,0.0,0.0,P00642,recovery_single
DFW,NB,2,2,1,445,188,182,,0,,0,0,0.0,3446.95,0.0,0.0,0.0,0.0,0.0,P00731,recovery_single
DFW,BOTH,2,2,1,445,188,182,,0,,0,0,0.0,3446.95,0.0,0.0,0.0,0.0,0.0,P00732,recovery_single
ATL,NB,1,1,1,357,75,207,IAD,1,IAD_D1,1,61,0.0,3452.5,0.0,0.0,0.0,0.0,0.0,P00153,recovery_single
ATL,BOTH,1,1,1,357,75,207,IAD,1,IAD_D1,1,61,0.0,3452.5,0.0,0.0,0.0,0.0,0.0,P00154,recovery_single
ATL,NB,1,1,1,355,69,211,BOS,1,BOS_D1,1,61,0.0,3455.1,0.0,0.0,0.0,0.0,0.0,P00289,recovery_single
ATL,BOTH,1,1,1,355,69,211,BOS,1,BOS_D1,1,61,0.0,3455.1,0.0,0.0,0.0,0.0,0.0,P00290,recovery_single
ORD,NB,2,2,1,343,49,219,IAD,1,IAD_D2,2,83,0.0,3455.1,0.0,0.0,0.0,0.0,0.0,P00653,recovery_single
ORD,BOTH,2,2,1,343,49,219,IAD,1,IAD_D2,2,83,0.0,3455.1,0.0,0.0,0.0,0.0,0.0,P00654,recovery_single
DFW,NB,2,2,1,392,53,264,,0,,2,0,0.0,3459.45,0.0,0.0,0.0,0.0,0.0,P00659,recovery_single
DFW,BOTH,2,2,1,392,53,264,,0,,2,0,0.0,3459.45,0.0,0.0,0.0,0.0,0.0,P00660,recovery_single
DFW,NB,2,2,1,390,48,267,,0,,2,0,0.0,3459.7,0.0,0.0,0.0,0.0,0.0,P00723,recovery_single
DFW,BOTH,2,2,1,390,48,267,,0,,2,0,0.0,3459.7,0.0,0.0,0.0,0.0,0.0,P00724,recovery_single
ORD,RJ,1,1,1,394,57,262,,0,,1,0,0.0,3461.55,0.0,0.0,0.0,0.0,0.0,P00469,recovery_single
ORD,BOTH,1,1,1,394,57,262,,0,,1,0,0.0,3461.55,0.0,0.0,0.0,0.0,0.0,P00470,recovery_single
ORD,NB,1,1,1,424,130,219,,0,,1,0,0.0,3462.5,0.0,0.0,0.0,0.0,0.0,P00349,recovery_single
ORD,BOTH,1,1,1,424,130,219,,0,,1,0,0.0,3462.5,0.0,0.0,0.0,0.0,0.0,P00350,recovery_single
JFK,NB,2,2,1,363,71,217,DTW,1,DTW_D2,2,28,0.0,3463.4,0.0,0.0,0.0,0.0,0.0,P00607,recovery_single
JFK,BOTH,2,2,1,363,71,217,DTW,1,DTW_D2,2,28,0.0,3463.4,0.0,0.0,0.0,0.0,0.0,P00608,recovery_single
ORD,NB,1,1,1,430,144,211,,0,,1,0,0.0,3464.1,0.0,0.0,0.0,0.0,0.0,P00317,recovery_single
ORD,BOTH,1,1,1,430,144,211,,0,,1,0,0.0,3464.1,0.0,0.0,0.0,0.0,0.0,P00318,recovery_single
DFW,NB,2,2,1,404,75,254,,0,,2,0,0.0,3476.75,0.0,0.0,0.0,0.0,0.0,P00667,recovery_single
DFW,BOTH,2,2,1,404,75,254,,0,,2,0,0.0,3476.75,0.0,0.0,0.0,0.0,0.0,P00668,recovery_single
DFW,NB,2,2,1,414,190,149,DEN,1,DEN_D2,2,34,0.0,3483.0,0.0,0.0,0.0,0.0,0.0,P00507,recovery_single
DFW,BOTH,2,2,1,414,190,149,DEN,1,DEN_D2,2,34,0.0,3483.0,0.0,0.0,0.0,0.0,0.0,P00508,recovery_single
ORD,NB,1,1,1,405,74,256,,0,,1,0,0.0,3484.85,0.0,0.0,0.0,0.0,0.0,P00277,recovery_single
ORD,BOTH,1,1,1,405,74,256,,0,,1,0,0.0,3484.85,0.0,0.0,0.0,0.0,0.0,P00278,recovery_single
ORD,NB,1,1,1,375,94,206,RDU,1,RDU_D1,1,39,0.0,3489.35,0.0,0.0,0.0,0.0,0.0,P00189,recovery_single
ORD,BOTH,1,1,1,375,94,206,RDU,1,RDU_D1,1,39,0.0,3489.35,0.0,0.0,0.0,0.0,0.0,P00190,recovery_single
ATL,NB,2,2,1,348,45,228,STL,1,STL_D2,2,81,0.0,3491.25,0.0,0.0,0.0,0.0,0.0,P00545,recovery_single
ATL,BOTH,2,2,1,348,45,228,STL,1,STL_D2,2,81,0.0,3491.25,0.0,0.0,0.0,0.0,0.0,P00546,recovery_single
DFW,NB,2,2,1,448,176,197,,0,,0,0,0.0,3492.4,0.0,0.0,0.0,0.0,0.0,P00779,recovery_single
DFW,BOTH,2,2,1,448,176,197,,0,,0,0,0.0,3492.4,0.0,0.0,0.0,0.0,0.0,P00780,recovery_single
ORD,NB,2,2,1,408,77,256,,0,,2,0,0.0,3495.05,0.0,0.0,0.0,0.0,0.0,P00717,recovery_single
ORD,BOTH,2,2,1,408,77,256,,0,,2,0,0.0,3495.05,0.0,0.0,0.0,0.0,0.0,P00718,recovery_single
ATL,NB,1,1,1,357,68,214,PIT,1,PIT_D1,1,91,0.0,3498.95,0.0,0.0,0.0,0.0,0.0,P00041,recovery_single
ATL,BOTH,1,1,1,357,68,214,PIT,1,PIT_D1,1,91,0.0,3498.95,0.0,0.0,0.0,0.0,0.0,P00042,recovery_single
ATL,RJ,1,1,1,348,45,228,DTW,1,DTW_D1,1,91,0.0,3501.25,0.0,0.0,0.0,0.0,0.0,P00049,recovery_single
ATL,BOTH,1,1,1,348,45,228,DTW,1,DTW_D1,1,91,0.0,3501.25,0.0,0.0,0.0,0.0,0.0,P00050,recovery_single
ORD,NB,1,1,1,398,45,278,,0,,1,0,0.0,3512.75,0.0,0.0,0.0,0.0,0.0,P00309,recovery_single
ORD,BOTH,1,1,1,398,45,278,,0,,1,0,0.0,3512.75,0.0,0.0,0.0,0.0,0.0,P00310,recovery_single
ORD,NB,1,1,1,362,52,235,FLL,1,FLL_D1,1,39,0.0,3513.3,0.0,0.0,0.0,0.0,0.0,P00093,recovery_single
ORD,BOTH,1,1,1,362,52,235,FLL,1,FLL_D1,1,39,0.0,3513.3,0.0,0.0,0.0,0.0,0.0,P00094,recovery_single
ATL,NB,1,1,1,412,79,258,,0,,1,0,0.0,3513.35,0.0,0.0,0.0,0.0,0.0,P00433,recovery_single
ATL,BOTH,1,1,1,412,79,258,,0,,1,0,0.0,3513.35,0.0,0.0,0.0,0.0,0.0,P00434,recovery_single
DFW,RJ,1,1,1,407,65,267,,0,,1,0,0.0,3517.5,0.0,0.0,0.0,0.0,0.0,P00139,recovery_single
DFW,BOTH,1,1,1,407,65,267,,0,,1,0,0.0,3517.5,0.0,0.0,0.0,0.0,0.0,P00140,recovery_single
DFW,NB,1,1,1,413,189,149,DEN,1,DEN_D1,1,73,0.0,3518.6,0.0,0.0,0.0,0.0,0.0,P00387,recovery_single
DFW,BOTH,1,1,1,413,189,149,DEN,1,DEN_D1,1,73,0.0,3518.6,0.0,0.0,0.0,0.0,0.0,P00388,recovery_single
JFK,NB,1,1,1,368,74,219,BNA,1,BNA_D1,1,66,0.0,3523.1,0.0,0.0,0.0,0.0,0.0,P00079,recovery_single
JFK,BOTH,1,1,1,368,74,219,BNA,1,BNA_D1,1,66,0.0,3523.1,0.0,0.0,0.0,0.0,0.0,P00080,recovery_single
JFK,NB,2,2,1,363,45,243,STL,1,STL_D2,2,28,0.0,3524.5,0.0,0.0,0.0,0.0,0.0,P00551,recovery_single
JFK,BOTH,2,2,1,363,45,243,STL,1,STL_D2,2,28,0.0,3524.5,0.0,0.0,0.0,0.0,0.0,P00552,recovery_single
JFK,NB,1,1,1,374,84,215,MCI,1,MCI_D1,1,58,0.0,3526.1,0.0,0.0,0.0,0.0,0.0,P00383,recovery_single
JFK,BOTH,1,1,1,374,84,215,MCI,1,MCI_D1,1,58,0.0,3526.1,0.0,0.0,0.0,0.0,0.0,P00384,recovery_single
ORD,RJ,1,1,1,420,92,253,,0,,1,0,0.0,3528.8,0.0,0.0,0.0,0.0,0.0,P00133,recovery_single
ORD,BOTH,1,1,1,420,92,253,,0,,1,0,0.0,3528.8,0.0,0.0,0.0,0.0,0.0,P00134,recovery_single
ORD,NB,1,1,1,369,75,219,IAD,1,IAD_D1,1,70,0.0,3530.5,0.0,0.0,0.0,0.0,0.0,P00157,recovery_single
ORD,BOTH,1,1,1,369,75,219,IAD,1,IAD_D1,1,70,0.0,3530.5,0.0,0.0,0.0,0.0,0.0,P00158,recovery_single
JFK,NB,2,2,1,365,46,244,CMH,1,CMH_D2,2,28,0.0,3533.65,0.0,0.0,0.0,0.0,0.0,P00559,recovery_single
JFK,BOTH,2,2,1,365,46,244,CMH,1,CMH_D2,2,28,0.0,3533.65,0.0,0.0,0.0,0.0,0.0,P00560,recovery_single
ATL,RJ,1,1,1,367,52,240,AUS,1,AUS_D1,1,31,0.0,3534.05,0.0,0.0,0.0,0.0,0.0,P00401,recovery_single
ATL,BOTH,1,1,1,367,52,240,AUS,1,AUS_D1,1,31,0.0,3534.05,0.0,0.0,0.0,0.0,0.0,P00402,recovery_single
DFW,NB,1,1,1,461,189,197,,0,,0,0,0.0,3536.6,0.0,0.0,0.0,0.0,0.0,P00355,recovery_single
DFW,BOTH,1,1,1,461,189,197,,0,,0,0,0.0,3536.6,0.0,0.0,0.0,0.0,0.0,P00356,recovery_single
JFK,NB,2,2,1,370,65,230,SAV,1,SAV_D2,2,47,0.0,3536.75,0.0,0.0,0.0,0.0,0.0,P00535,recovery_single
JFK,BOTH,2,2,1,370,65,230,SAV,1,SAV_D2,2,47,0.0,3536.75,0.0,0.0,0.0,0.0,0.0,P00536,recovery_single
ATL,NB,1,1,1,359,56,228,STL,1,STL_D1,1,91,0.0,3538.65,0.0,0.0,0.0,0.0,0.0,P00257,recovery_single
ATL,BOTH,1,1,1,359,56,228,STL,1,STL_D1,1,91,0.0,3538.65,0.0,0.0,0.0,0.0,0.0,P00258,recovery_single
ATL,NB,2,2,1,373,87,211,BOS,1,BOS_D2,2,84,0.0,3539.3,0.0,0.0,0.0,0.0,0.0,P00577,recovery_single
ATL,BOTH,2,2,1,373,87,211,BOS,1,BOS_D2,2,84,0.0,3539.3,0.0,0.0,0.0,0.0,0.0,P00578,recovery_single
DFW,NB,1,1,1,418,79,264,,0,,1,0,0.0,3547.85,0.0,0.0,0.0,0.0,0.0,P00435,recovery_single
DFW,BOTH,1,1,1,418,79,264,,0,,1,0,0.0,3547.85,0.0,0.0,0.0,0.0,0.0,P00436,recovery_single
ATL,NB,1,1,1,391,125,191,MIA,1,MIA_D1,1,79,0.0,3548.5,0.0,0.0,0.0,0.0,0.0,P00225,recovery_single
ATL,BOTH,1,1,1,391,125,191,MIA,1,MIA_D1,1,79,0.0,3548.5,0.0,0.0,0.0,0.0,0.0,P00226,recovery_single
ATL,NB,2,2,1,360,45,240,AUS,1,AUS_D2,2,71,0.0,3550.25,0.0,0.0,0.0,0.0,0.0,P00785,recovery_single
ATL,BOTH,2,2,1,360,45,240,AUS,1,AUS_D2,2,71,0.0,3550.25,0.0,0.0,0.0,0.0,0.0,P00786,recovery_single
DFW,NB,2,2,1,406,47,284,,0,,2,0,0.0,3554.05,0.0,0.0,0.0,0.0,0.0,P00763,recovery_single
DFW,BOTH,2,2,1,406,47,284,,0,,2,0,0.0,3554.05,0.0,0.0,0.0,0.0,0.0,P00764,recovery_single
ORD,NB,2,2,1,389,104,210,MCI,1,MCI_D2,2,51,0.0,3558.35,0.0,0.0,0.0,0.0,0.0,P00565,recovery_single
ORD,BOTH,2,2,1,389,104,210,MCI,1,MCI_D2,2,51,0.0,3558.35,0.0,0.0,0.0,0.0,0.0,P00566,recovery_single
ATL,RJ,1,1,1,359,45,239,MSP,1,MSP_D1,1,91,0.0,3564.5,0.0,0.0,0.0,0.0,0.0,P00393,recovery_single
ATL,BOTH,1,1,1,359,45,239,MSP,1,MSP_D1,1,91,0.0,3564.5,0.0,0.0,0.0,0.0,0.0,P00394,recovery_single
DFW,NB,1,1,1,463,179,209,,0,,0,0,0.0,3571.6,0.0,0.0,0.0,0.0,0.0,P00459,recovery_single
DFW,BOTH,1,1,1,463,179,209,,0,,0,0,0.0,3571.6,0.0,0.0,0.0,0.0,0.0,P00460,recovery_single
ATL,NB,1,1,1,437,115,247,,0,,1,0,0.0,3572.5,0.0,0.0,0.0,0.0,0.0,P00233,recovery_single
ATL,BOTH,1,1,1,437,115,247,,0,,1,0,0.0,3572.5,0.0,0.0,0.0,0.0,0.0,P00234,recovery_single
ATL,RJ,1,1,1,420,73,272,,0,,1,0,0.0,3573.45,0.0,0.0,0.0,0.0,0.0,P00449,recovery_single
ATL,BOTH,1,1,1,420,73,272,,0,,1,0,0.0,3573.45,0.0,0.0,0.0,0.0,0.0,P00450,recovery_single
ATL,RJ,1,1,1,409,45,289,,0,,1,0,0.0,3576.0,0.0,0.0,0.0,0.0,0.0,P00113,recovery_single
ATL,BOTH,1,1,1,409,45,289,,0,,1,0,0.0,3576.0,0.0,0.0,0.0,0.0,0.0,P00114,recovery_single
ATL,NB,2,2,1,374,71,228,DTW,1,DTW_D2,2,81,0.0,3579.65,0.0,0.0,0.0,0.0,0.0,P00601,recovery_single
ATL,BOTH,2,2,1,374,71,228,DTW,1,DTW_D2,2,81,0.0,3579.65,0.0,0.0,0.0,0.0,0.0,P00602,recovery_single
JFK,NB,1,1,1,389,100,214,TPA,1,TPA_D1,1,66,0.0,3582.75,0.0,0.0,0.0,0.0,0.0,P00167,recovery_single
JFK,BOTH,1,1,1,389,100,214,TPA,1,TPA_D1,1,66,0.0,3582.75,0.0,0.0,0.0,0.0,0.0,P00168,recovery_single
JFK,NB,1,1,1,377,69,233,RDU,1,RDU_D1,1,66,0.0,3586.6,0.0,0.0,0.0,0.0,0.0,P00023,recovery_single
JFK,BOTH,1,1,1,377,69,233,RDU,1,RDU_D1,1,66,0.0,3586.6,0.0,0.0,0.0,0.0,0.0,P00024,recovery_single
JFK,NB,2,2,1,396,107,214,TPA,1,TPA_D2,2,47,0.0,3587.55,0.0,0.0,0.0,0.0,0.0,P00623,recovery_single
JFK,BOTH,2,2,1,396,107,214,TPA,1,TPA_D2,2,47,0.0,3587.55,0.0,0.0,0.0,0.0,0.0,P00624,recovery_single
ATL,NB,1,1,1,379,84,220,MCI,1,MCI_D1,1,91,0.0,3587.85,0.0,0.0,0.0,0.0,0.0,P00377,recovery_single
ATL,BOTH,1,1,1,379,84,220,MCI,1,MCI_D1,1,91,0.0,3587.85,0.0,0.0,0.0,0.0,0.0,P00378,recovery_single
JFK,NB,1,1,1,374,56,243,STL,1,STL_D1,1,58,0.0,3591.9,0.0,0.0,0.0,0.0,0.0,P00263,recovery_single
JFK,BOTH,1,1,1,374,56,243,STL,1,STL_D1,1,58,0.0,3591.9,0.0,0.0,0.0,0.0,0.0,P00264,recovery_single
DFW,NB,1,1,1,419,62,282,,0,,1,0,0.0,3593.55,0.0,0.0,0.0,0.0,0.0,P00491,recovery_single
DFW,BOTH,1,1,1,419,62,282,,0,,1,0,0.0,3593.55,0.0,0.0,0.0,0.0,0.0,P00492,recovery_single
ORD,NB,1,1,1,383,69,239,RDU,1,RDU_D1,1,39,0.0,3594.1,0.0,0.0,0.0,0.0,0.0,P00021,recovery_single
ORD,BOTH,1,1,1,383,69,239,RDU,1,RDU_D1,1,39,0.0,3594.1,0.0,0.0,0.0,0.0,0.0,P00022,recovery_single
DFW,NB,2,2,1,367,46,246,CMH,1,CMH_D2,2,79,0.0,3596.15,0.0,0.0,0.0,0.0,0.0,P00555,recovery_single
DFW,BOTH,2,2,1,367,46,246,CMH,1,CMH_D2,2,79,0.0,3596.15,0.0,0.0,0.0,0.0,0.0,P00556,recovery_single
ATL,NB,2,2,1,372,58,239,MSP,1,MSP_D2,2,81,0.0,3598.7,0.0,0.0,0.0,0.0,0.0,P00705,recovery_single
ATL,BOTH,2,2,1,372,58,239,MSP,1,MSP_D2,2,81,0.0,3598.7,0.0,0.0,0.0,0.0,0.0,P00706,recovery_single
DFW,NB,2,2,1,421,64,282,,0,,2,0,0.0,3600.35,0.0,0.0,0.0,0.0,0.0,P00739,recovery_single
DFW,BOTH,2,2,1,421,64,282,,0,,2,0,0.0,3600.35,0.0,0.0,0.0,0.0,0.0,P00740,recovery_single
ORD,NB,2,2,1,371,61,235,FLL,1,FLL_D2,2,97,0.0,3601.9,0.0,0.0,0.0,0.0,0.0,P00629,recovery_single
ORD,BOTH,2,2,1,371,61,235,FLL,1,FLL_D2,2,97,0.0,3601.9,0.0,0.0,0.0,0.0,0.0,P00630,recovery_single
DFW,NB,1,1,1,419,58,286,,0,,1,0,0.0,3602.95,0.0,0.0,0.0,0.0,0.0,P00299,recovery_single
DFW,BOTH,1,1,1,419,58,286,,0,,1,0,0.0,3602.95,0.0,0.0,0.0,0.0,0.0,P00300,recovery_single
ORD,NB,1,1,1,378,46,257,SAT,1,SAT_D1,1,26,0.0,3606.4,0.0,0.0,0.0,0.0,0.0,P00221,recovery_single
ORD,BOTH,1,1,1,378,46,257,SAT,1,SAT_D1,1,26,0.0,3606.4,0.0,0.0,0.0,0.0,0.0,P00222,recovery_single
DFW,NB,1,1,1,422,63,284,,0,,1,0,0.0,3608.45,0.0,0.0,0.0,0.0,0.0,P00243,recovery_single
DFW,BOTH,1,1,1,422,63,284,,0,,1,0,0.0,3608.45,0.0,0.0,0.0,0.0,0.0,P00244,recovery_single
ATL,NB,1,1,1,367,45,247,CLE,1,CLE_D1,1,91,0.0,3610.5,0.0,0.0,0.0,0.0,0.0,P00361,recovery_single
ATL,BOTH,1,1,1,367,45,247,CLE,1,CLE_D1,1,91,0.0,3610.5,0.0,0.0,0.0,0.0,0.0,P00362,recovery_single
ATL,NB,2,2,1,370,48,247,CLE,1,CLE_D2,2,81,0.0,3610.7,0.0,0.0,0.0,0.0,0.0,P00521,recovery_single
ATL,BOTH,2,2,1,370,48,247,CLE,1,CLE_D2,2,81,0.0,3610.7,0.0,0.0,0.0,0.0,0.0,P00522,recovery_single
ATL,NB,2,2,1,432,85,272,,0,,2,0,0.0,3614.25,0.0,0.0,0.0,0.0,0.0,P00609,recovery_single
ATL,BOTH,2,2,1,432,85,272,,0,,2,0,0.0,3614.25,0.0,0.0,0.0,0.0,0.0,P00610,recovery_single
DFW,NB,1,1,1,425,67,283,,0,,1,0,0.0,3616.3,0.0,0.0,0.0,0.0,0.0,P00251,recovery_single
DFW,BOTH,1,1,1,425,67,283,,0,,1,0,0.0,3616.3,0.0,0.0,0.0,0.0,0.0,P00252,recovery_single
DFW,NB,2,2,1,423,62,286,,0,,2,0,0.0,3616.55,0.0,0.0,0.0,0.0,0.0,P00755,recovery_single
DFW,BOTH,2,2,1,423,62,286,,0,,2,0,0.0,3616.55,0.0,0.0,0.0,0.0,0.0,P00756,recovery_single
JFK,NB,1,1,1,384,68,241,PIT,1,PIT_D1,1,58,0.0,3621.2,0.0,0.0,0.0,0.0,0.0,P00047,recovery_single
JFK,BOTH,1,1,1,384,68,241,PIT,1,PIT_D1,1,58,0.0,3621.2,0.0,0.0,0.0,0.0,0.0,P00048,recovery_single
ORD,NB,2,2,1,376,65,236,SAV,1,SAV_D2,2,97,0.0,3621.25,0.0,0.0,0.0,0.0,0.0,P00533,recovery_single
ORD,BOTH,2,2,1,376,65,236,SAV,1,SAV_D2,2,97,0.0,3621.25,0.0,0.0,0.0,0.0,0.0,P00534,recovery_single
DFW,RJ,1,1,1,417,45,297,,0,,1,0,0.0,3622.0,0.0,0.0,0.0,0.0,0.0,P00323,recovery_single
DFW,BOTH,1,1,1,417,45,297,,0,,1,0,0.0,3622.0,0.0,0.0,0.0,0.0,0.0,P00324,recovery_single
DFW,NB,1,1,1,423,59,289,,0,,1,0,0.0,3623.6,0.0,0.0,0.0,0.0,0.0,P00483,recovery_single
DFW,BOTH,1,1,1,423,59,289,,0,,1,0,0.0,3623.6,0.0,0.0,0.0,0.0,0.0,P00484,recovery_single
ORD,NB,1,1,1,420,135,210,MCI,1,MCI_D1,1,19,0.0,3631.75,0.0,0.0,0.0,0.0,0.0,P00069,recovery_single
ORD,BOTH,1,1,1,420,135,210,MCI,1,MCI_D1,1,19,0.0,3631.75,0.0,0.0,0.0,0.0,0.0,P00070,recovery_single
ORD,NB,1,1,1,385,69,241,BOS,1,BOS_D1,1,70,0.0,3636.6,0.0,0.0,0.0,0.0,0.0,P00293,recovery_single
ORD,BOTH,1,1,1,385,69,241,BOS,1,BOS_D1,1,70,0.0,3636.6,0.0,0.0,0.0,0.0,0.0,P00294,recovery_single
ATL,NB,1,1,1,427,61,291,,0,,1,0,0.0,3641.9,0.0,0.0,0.0,0.0,0.0,P00265,recovery_single
ATL,BOTH,1,1,1,427,61,291,,0,,1,0,0.0,3641.9,0.0,0.0,0.0,0.0,0.0,P00266,recovery_single
DFW,NB,1,1,1,378,45,258,CLE,1,CLE_D1,1,67,0.0,3649.75,0.0,0.0,0.0,0.0,0.0,P00363,recovery_single
DFW,BOTH,1,1,1,378,45,258,CLE,1,CLE_D1,1,67,0.0,3649.75,0.0,0.0,0.0,0.0,0.0,P00364,recovery_single
ATL,NB,1,1,1,387,46,266,SAT,1,SAT_D1,1,31,0.0,3663.15,0.0,0.0,0.0,0.0,0.0,P00217,recovery_single
ATL,BOTH,1,1,1,387,46,266,SAT,1,SAT_D1,1,31,0.0,3663.15,0.0,0.0,0.0,0.0,0.0,P00218,recovery_single
ORD,NB,1,1,1,467,148,244,,0,,1,0,0.0,3667.45,0.0,0.0,0.0,0.0,0.0,P00125,recovery_single
ORD,BOTH,1,1,1,467,148,244,,0,,1,0,0.0,3667.45,0.0,0.0,0.0,0.0,0.0,P00126,recovery_single
DFW,NB,2,2,1,381,48,258,CLE,1,CLE_D2,2,79,0.0,3671.95,0.0,0.0,0.0,0.0,0.0,P00523,recovery_single
DFW,BOTH,2,2,1,381,48,258,CLE,1,CLE_D2,2,79,0.0,3671.95,0.0,0.0,0.0,0.0,0.0,P00524,recovery_single
DFW,NB,1,1,1,446,202,169,PHX,1,PHX_D1,1,73,0.0,3677.8,0.0,0.0,0.0,0.0,0.0,P00283,recovery_single
DFW,BOTH,1,1,1,446,202,169,PHX,1,PHX_D1,1,73,0.0,3677.8,0.0,0.0,0.0,0.0,0.0,P00284,recovery_single
JFK,RJ,1,1,1,402,83,244,CMH,1,CMH_D1,1,58,0.0,3689.45,0.0,0.0,0.0,0.0,0.0,P00215,recovery_single
JFK,BOTH,1,1,1,402,83,244,CMH,1,CMH_D1,1,58,0.0,3689.45,0.0,0.0,0.0,0.0,0.0,P00216,recovery_single
DFW,NB,1,1,1,428,152,201,LAS,1,LAS_D1,1,73,0.0,3691.8,0.0,0.0,0.0,0.0,0.0,P00171,recovery_single
DFW,BOTH,1,1,1,428,152,201,LAS,1,LAS_D1,1,73,0.0,3691.8,0.0,0.0,0.0,0.0,0.0,P00172,recovery_single
DFW,NB,1,1,1,455,108,272,,0,,1,0,0.0,3692.45,0.0,0.0,0.0,0.0,0.0,P00099,recovery_single
DFW,BOTH,1,1,1,455,108,272,,0,,1,0,0.0,3692.45,0.0,0.0,0.0,0.0,0.0,P00100,recovery_single
JFK,NB,1,1,1,391,58,258,MIA,1,MIA_D1,1,66,0.0,3692.95,0.0,0.0,0.0,0.0,0.0,P00415,recovery_single
JFK,BOTH,1,1,1,391,58,258,MIA,1,MIA_D1,1,66,0.0,3692.95,0.0,0.0,0.0,0.0,0.0,P00416,recovery_single
DFW,NB,1,1,1,395,68,252,PIT,1,PIT_D1,1,67,0.0,3693.45,0.0,0.0,0.0,0.0,0.0,P00043,recovery_single
DFW,BOTH,1,1,1,395,68,252,PIT,1,PIT_D1,1,67,0.0,3693.45,0.0,0.0,0.0,0.0,0.0,P00044,recovery_single
ATL,RJ,2,2,1,444,78,291,,0,,2,0,0.0,3699.7,0.0,0.0,0.0,0.0,0.0,P00585,recovery_single
ATL,BOTH,2,2,1,444,78,291,,0,,2,0,0.0,3699.7,0.0,0.0,0.0,0.0,0.0,P00586,recovery_single
DFW,RJ,1,1,1,388,45,268,MSP,1,MSP_D1,1,67,0.0,3707.25,0.0,0.0,0.0,0.0,0.0,P00395,recovery_single
DFW,BOTH,1,1,1,388,45,268,MSP,1,MSP_D1,1,67,0.0,3707.25,0.0,0.0,0.0,0.0,0.0,P00396,recovery_single
JFK,RJ,1,1,1,417,115,227,MCO,1,MCO_D1,1,66,0.0,3708.5,0.0,0.0,0.0,0.0,0.0,P00031,recovery_single
JFK,BOTH,1,1,1,417,115,227,MCO,1,MCO_D1,1,66,0.0,3708.5,0.0,0.0,0.0,0.0,0.0,P00032,recovery_single
DFW,RJ,1,1,1,404,83,246,CMH,1,CMH_D1,1,67,0.0,3709.95,0.0,0.0,0.0,0.0,0.0,P00211,recovery_single
DFW,BOTH,1,1,1,404,83,246,CMH,1,CMH_D1,1,67,0.0,3709.95,0.0,0.0,0.0,0.0,0.0,P00212,recovery_single
ORD,NB,2,2,1,403,87,241,BOS,1,BOS_D2,2,83,0.0,3710.8,0.0,0.0,0.0,0.0,0.0,P00581,recovery_single
ORD,BOTH,2,2,1,403,87,241,BOS,1,BOS_D2,2,83,0.0,3710.8,0.0,0.0,0.0,0.0,0.0,P00582,recovery_single
ATL,RJ,2,2,1,449,85,289,,0,,2,0,0.0,3712.0,0.0,0.0,0.0,0.0,0.0,P00793,recovery_single
ATL,BOTH,2,2,1,449,85,289,,0,,2,0,0.0,3712.0,0.0,0.0,0.0,0.0,0.0,P00794,recovery_single
DFW,RJ,1,1,1,390,45,270,DTW,1,DTW_D1,1,67,0.0,3718.75,0.0,0.0,0.0,0.0,0.0,P00051,recovery_single
DFW,BOTH,1,1,1,390,45,270,DTW,1,DTW_D1,1,67,0.0,3718.75,0.0,0.0,0.0,0.0,0.0,P00052,recovery_single
DFW,NB,2,2,1,388,45,268,MCI,1,MCI_D2,2,79,0.0,3719.25,0.0,0.0,0.0,0.0,0.0,P00643,recovery_single
DFW,BOTH,2,2,1,388,45,268,MCI,1,MCI_D2,2,79,0.0,3719.25,0.0,0.0,0.0,0.0,0.0,P00644,recovery_single
JFK,RJ,1,1,1,421,116,230,SAV,1,SAV_D1,1,66,0.0,3729.15,0.0,0.0,0.0,0.0,0.0,P00207,recovery_single
JFK,BOTH,1,1,1,421,116,230,SAV,1,SAV_D1,1,66,0.0,3729.15,0.0,0.0,0.0,0.0,0.0,P00208,recovery_single
ORD,RJ,1,1,1,427,116,236,SAV,1,SAV_D1,1,39,0.0,3736.65,0.0,0.0,0.0,0.0,0.0,P00205,recovery_single
ORD,BOTH,1,1,1,427,116,236,SAV,1,SAV_D1,1,39,0.0,3736.65,0.0,0.0,0.0,0.0,0.0,P00206,recovery_single
ORD,NB,1,1,1,427,115,237,CLT,1,CLT_D1,1,39,0.0,3739.0,0.0,0.0,0.0,0.0,0.0,P00061,recovery_single
ORD,BOTH,1,1,1,427,115,237,CLT,1,CLT_D1,1,39,0.0,3739.0,0.0,0.0,0.0,0.0,0.0,P00062,recovery_single
ATL,NB,2,2,1,486,164,247,,0,,2,0,0.0,3739.1,0.0,0.0,0.0,0.0,0.0,P00681,recovery_single
ATL,BOTH,2,2,1,486,164,247,,0,,2,0,0.0,3739.1,0.0,0.0,0.0,0.0,0.0,P00682,recovery_single
ATL,NB,1,1,1,400,45,280,IAH,1,IAH_D1,1,31,0.0,3740.25,0.0,0.0,0.0,0.0,0.0,P00177,recovery_single
ATL,BOTH,1,1,1,400,45,280,IAH,1,IAH_D1,1,31,0.0,3740.25,0.0,0.0,0.0,0.0,0.0,P00178,recovery_single
ORD,NB,2,2,1,411,99,237,CLT,1,CLT_D2,2,97,0.0,3742.6,0.0,0.0,0.0,0.0,0.0,P00597,recovery_single
ORD,BOTH,2,2,1,411,99,237,CLT,1,CLT_D2,2,97,0.0,3742.6,0.0,0.0,0.0,0.0,0.0,P00598,recovery_single
DFW,RJ,1,1,1,450,73,302,,0,,1,0,0.0,3745.95,0.0,0.0,0.0,0.0,0.0,P00451,recovery_single
DFW,BOTH,1,1,1,450,73,302,,0,,1,0,0.0,3745.95,0.0,0.0,0.0,0.0,0.0,P00452,recovery_single
ORD,NB,1,1,1,405,58,272,MIA,1,MIA_D1,1,39,0.0,3746.45,0.0,0.0,0.0,0.0,0.0,P00413,recovery_single
ORD,BOTH,1,1,1,405,58,272,MIA,1,MIA_D1,1,39,0.0,3746.45,0.0,0.0,0.0,0.0,0.0,P00414,recovery_single
DFW,NB,2,2,1,395,45,275,STL,1,STL_D2,2,79,0.0,3759.5,0.0,0.0,0.0,0.0,0.0,P00547,recovery_single
DFW,BOTH,2,2,1,395,45,275,STL,1,STL_D2,2,79,0.0,3759.5,0.0,0.0,0.0,0.0,0.0,P00548,recovery_single
ATL,RJ,1,1,1,446,57,314,,0,,1,0,0.0,3760.55,0.0,0.0,0.0,0.0,0.0,P00465,recovery_single
ATL,BOTH,1,1,1,446,57,314,,0,,1,0,0.0,3760.55,0.0,0.0,0.0,0.0,0.0,P00466,recovery_single
DFW,NB,2,2,1,401,58,268,MSP,1,MSP_D2,2,79,0.0,3763.45,0.0,0.0,0.0,0.0,0.0,P00707,recovery_single
DFW,BOTH,2,2,1,401,58,268,MSP,1,MSP_D2,2,79,0.0,3763.45,0.0,0.0,0.0,0.0,0.0,P00708,recovery_single
ORD,NB,1,1,1,405,45,285,IAH,1,IAH_D1,1,26,0.0,3764.0,0.0,0.0,0.0,0.0,0.0,P00181,recovery_single
ORD,BOTH,1,1,1,405,45,285,IAH,1,IAH_D1,1,26,0.0,3764.0,0.0,0.0,0.0,0.0,0.0,P00182,recovery_single
DFW,NB,2,2,1,408,65,268,SAV,1,SAV_D2,2,64,0.0,3772.25,0.0,0.0,0.0,0.0,0.0,P00531,recovery_single
DFW,BOTH,2,2,1,408,65,268,SAV,1,SAV_D2,2,64,0.0,3772.25,0.0,0.0,0.0,0.0,0.0,P00532,recovery_single
DFW,NB,1,1,1,455,71,309,,0,,1,0,0.0,3779.4,0.0,0.0,0.0,0.0,0.0,P00107,recovery_single
DFW,BOTH,1,1,1,455,71,309,,0,,1,0,0.0,3779.4,0.0,0.0,0.0,0.0,0.0,P00108,recovery_single
ORD,NB,1,1,1,439,125,239,MIA,1,MIA_D1,1,39,0.0,3784.5,0.0,0.0,0.0,0.0,0.0,P00229,recovery_single
ORD,BOTH,1,1,1,439,125,239,MIA,1,MIA_D1,1,39,0.0,3784.5,0.0,0.0,0.0,0.0,0.0,P00230,recovery_single
DFW,NB,1,1,1,406,56,275,STL,1,STL_D1,1,67,0.0,3784.9,0.0,0.0,0.0,0.0,0.0,P00259,recovery_single
DFW,BOTH,1,1,1,406,56,275,STL,1,STL_D1,1,67,0.0,3784.9,0.0,0.0,0.0,0.0,0.0,P00260,recovery_single
ORD,RJ,2,2,1,411,51,285,IAH,1,IAH_D2,2,28,0.0,3786.4,0.0,0.0,0.0,0.0,0.0,P00541,recovery_single
ORD,BOTH,2,2,1,411,51,285,IAH,1,IAH_D2,2,28,0.0,3786.4,0.0,0.0,0.0,0.0,0.0,P00542,recovery_single
ORD,NB,1,1,1,419,74,270,BNA,1,BNA_D1,1,39,0.0,3789.35,0.0,0.0,0.0,0.0,0.0,P00077,recovery_single
ORD,BOTH,1,1,1,419,74,270,BNA,1,BNA_D1,1,39,0.0,3789.35,0.0,0.0,0.0,0.0,0.0,P00078,recovery_single
DFW,NB,2,2,1,460,79,306,,0,,2,0,0.0,3789.35,0.0,0.0,0.0,0.0,0.0,P00635,recovery_single
DFW,BOTH,2,2,1,460,79,306,,0,,2,0,0.0,3789.35,0.0,0.0,0.0,0.0,0.0,P00636,recovery_single
ATL,RJ,2,2,1,406,51,280,IAH,1,IAH_D2,2,71,0.0,3800.65,0.0,0.0,0.0,0.0,0.0,P00537,recovery_single
ATL,BOTH,2,2,1,406,51,280,IAH,1,IAH_D2,2,71,0.0,3800.65,0.0,0.0,0.0,0.0,0.0,P00538,recovery_single
ORD,RJ,1,1,1,439,115,249,MCO,1,MCO_D1,1,39,0.0,3808.0,0.0,0.0,0.0,0.0,0.0,P00029,recovery_single
ORD,BOTH,1,1,1,439,115,249,MCO,1,MCO_D1,1,39,0.0,3808.0,0.0,0.0,0.0,0.0,0.0,P00030,recovery_single
DFW,NB,2,2,1,472,100,297,,0,,2,0,0.0,3809.0,0.0,0.0,0.0,0.0,0.0,P00675,recovery_single
DFW,BOTH,2,2,1,472,100,297,,0,,2,0,0.0,3809.0,0.0,0.0,0.0,0.0,0.0,P00676,recovery_single
DFW,NB,1,1,1,419,58,286,MIA,1,MIA_D1,1,25,0.0,3812.95,0.0,0.0,0.0,0.0,0.0,P00411,recovery_single
DFW,BOTH,1,1,1,419,58,286,MIA,1,MIA_D1,1,25,0.0,3812.95,0.0,0.0,0.0,0.0,0.0,P00412,recovery_single
ORD,NB,2,2,1,414,45,294,AUS,1,AUS_D2,2,28,0.0,3817.75,0.0,0.0,0.0,0.0,0.0,P00789,recovery_single
ORD,BOTH,2,2,1,414,45,294,AUS,1,AUS_D2,2,28,0.0,3817.75,0.0,0.0,0.0,0.0,0.0,P00790,recovery_single
DFW,NB,2,2,1,416,71,270,DTW,1,DTW_D2,2,79,0.0,3819.15,0.0,0.0,0.0,0.0,0.0,P00603,recovery_single
DFW,BOTH,2,2,1,416,71,270,DTW,1,DTW_D2,2,79,0.0,3819.15,0.0,0.0,0.0,0.0,0.0,P00604,recovery_single
ORD,NB,1,1,1,428,83,270,CLT,1,CLT_D1,1,39,0.0,3819.95,0.0,0.0,0.0,0.0,0.0,P00005,recovery_single
ORD,BOTH,1,1,1,428,83,270,CLT,1,CLT_D1,1,39,0.0,3819.95,0.0,0.0,0.0,0.0,0.0,P00006,recovery_single
DFW,RJ,1,1,1,471,92,304,,0,,1,0,0.0,3822.05,0.0,0.0,0.0,0.0,0.0,P00131,recovery_single
DFW,BOTH,1,1,1,471,92,304,,0,,1,0,0.0,3822.05,0.0,0.0,0.0,0.0,0.0,P00132,recovery_single
ATL,NB,2,2,1,406,46,285,CMH,1,CMH_D2,2,81,0.0,3822.4,0.0,0.0,0.0,0.0,0.0,P00553,recovery_single
ATL,BOTH,2,2,1,406,46,285,CMH,1,CMH_D2,2,81,0.0,3822.4,0.0,0.0,0.0,0.0,0.0,P00554,recovery_single
DFW,NB,2,2,1,478,202,201,LAS,1,LAS_D2,2,34,0.0,3822.8,0.0,0.0,0.0,0.0,0.0,P00571,recovery_single
DFW,BOTH,2,2,1,478,202,201,LAS,1,LAS_D2,2,34,0.0,3822.8,0.0,0.0,0.0,0.0,0.0,P00572,recovery_single
ATL,NB,2,2,1,430,104,251,MCI,1,MCI_D2,2,81,0.0,3824.1,0.0,0.0,0.0,0.0,0.0,P00561,recovery_single
ATL,BOTH,2,2,1,430,104,251,MCI,1,MCI_D2,2,81,0.0,3824.1,0.0,0.0,0.0,0.0,0.0,P00562,recovery_single
ORD,RJ,1,1,1,421,52,294,AUS,1,AUS_D1,1,26,0.0,3839.55,0.0,0.0,0.0,0.0,0.0,P00405,recovery_single
ORD,BOTH,1,1,1,421,52,294,AUS,1,AUS_D1,1,26,0.0,3839.55,0.0,0.0,0.0,0.0,0.0,P00406,recovery_single
DFW,NB,1,1,1,427,84,268,MCI,1,MCI_D1,1,67,0.0,3839.85,0.0,0.0,0.0,0.0,0.0,P00379,recovery_single
DFW,BOTH,1,1,1,427,84,268,MCI,1,MCI_D1,1,67,0.0,3839.85,0.0,0.0,0.0,0.0,0.0,P00380,recovery_single
DFW,RJ,1,1,1,456,45,336,,0,,1,0,0.0,3846.25,0.0,0.0,0.0,0.0,0.0,P00115,recovery_single
DFW,BOTH,1,1,1,456,45,336,,0,,1,0,0.0,3846.25,0.0,0.0,0.0,0.0,0.0,P00116,recovery_single
DFW,NB,2,2,1,484,113,296,,0,,2,0,0.0,3847.45,0.0,0.0,0.0,0.0,0.0,P00771,recovery_single
DFW,BOTH,2,2,1,484,113,296,,0,,2,0,0.0,3847.45,0.0,0.0,0.0,0.0,0.0,P00772,recovery_single
DFW,NB,1,1,1,430,69,286,RDU,1,RDU_D1,1,25,0.0,3850.35,0.0,0.0,0.0,0.0,0.0,P00019,recovery_single
DFW,BOTH,1,1,1,430,69,286,RDU,1,RDU_D1,1,25,0.0,3850.35,0.0,0.0,0.0,0.0,0.0,P00020,recovery_single
DFW,NB,1,1,1,424,52,297,FLL,1,FLL_D1,1,25,0.0,3855.8,0.0,0.0,0.0,0.0,0.0,P00091,recovery_single
DFW,BOTH,1,1,1,424,52,297,FLL,1,FLL_D1,1,25,0.0,3855.8,0.0,0.0,0.0,0.0,0.0,P00092,recovery_single
DFW,RJ,1,1,1,483,102,306,,0,,1,0,0.0,3867.55,0.0,0.0,0.0,0.0,0.0,P00339,recovery_single
DFW,BOTH,1,1,1,483,102,306,,0,,1,0,0.0,3867.55,0.0,0.0,0.0,0.0,0.0,P00340,recovery_single
DFW,NB,1,1,1,490,119,296,,0,,1,0,0.0,3867.85,0.0,0.0,0.0,0.0,0.0,P00195,recovery_single
DFW,BOTH,1,1,1,490,119,296,,0,,1,0,0.0,3867.85,0.0,0.0,0.0,0.0,0.0,P00196,recovery_single
ORD,NB,1,1,1,445,100,270,TPA,1,TPA_D1,1,39,0.0,3877.75,0.0,0.0,0.0,0.0,0.0,P00165,recovery_single
ORD,BOTH,1,1,1,445,100,270,TPA,1,TPA_D1,1,39,0.0,3877.75,0.0,0.0,0.0,0.0,0.0,P00166,recovery_single
DFW,RJ,1,1,1,454,115,264,MCO,1,MCO_D1,1,25,0.0,3880.25,0.0,0.0,0.0,0.0,0.0,P00027,recovery_single
DFW,BOTH,1,1,1,454,115,264,MCO,1,MCO_D1,1,25,0.0,3880.25,0.0,0.0,0.0,0.0,0.0,P00028,recovery_single
JFK,NB,2,2,1,449,104,270,MCI,1,MCI_D2,2,28,0.0,3880.35,0.0,0.0,0.0,0.0,0.0,P00567,recovery_single
JFK,BOTH,2,2,1,449,104,270,MCI,1,MCI_D2,2,28,0.0,3880.35,0.0,0.0,0.0,0.0,0.0,P00568,recovery_single
DFW,NB,1,1,1,441,83,283,CLT,1,CLT_D1,1,25,0.0,3880.7,0.0,0.0,0.0,0.0,0.0,P00003,recovery_single
DFW,BOTH,1,1,1,441,83,283,CLT,1,CLT_D1,1,25,0.0,3880.7,0.0,0.0,0.0,0.0,0.0,P00004,recovery_single
ORD,NB,1,1,1,447,97,275,HOU,1,HOU_D1,1,26,0.0,3883.3,0.0,0.0,0.0,0.0,0.0,P00421,recovery_single
ORD,BOTH,1,1,1,447,97,275,HOU,1,HOU_D1,1,26,0.0,3883.3,0.0,0.0,0.0,0.0,0.0,P00422,recovery_single
DFW,NB,1,1,1,441,74,292,BNA,1,BNA_D1,1,25,0.0,3901.85,0.0,0.0,0.0,0.0,0.0,P00075,recovery_single
DFW,BOTH,1,1,1,441,74,292,BNA,1,BNA_D1,1,25,0.0,3901.85,0.0,0.0,0.0,0.0,0.0,P00076,recovery_single
DFW,RJ,1,1,1,459,116,268,SAV,1,SAV_D1,1,25,0.0,3906.65,0.0,0.0,0.0,0.0,0.0,P00203,recovery_single
DFW,BOTH,1,1,1,459,116,268,SAV,1,SAV_D1,1,25,0.0,3906.65,0.0,0.0,0.0,0.0,0.0,P00204,recovery_single
DFW,NB,2,2,1,468,45,348,,0,,2,0,0.0,3915.25,0.0,0.0,0.0,0.0,0.0,P00691,recovery_single
DFW,BOTH,2,2,1,468,45,348,,0,,2,0,0.0,3915.25,0.0,0.0,0.0,0.0,0.0,P00692,recovery_single
ATL,NB,1,1,1,452,97,280,HOU,1,HOU_D1,1,31,0.0,3917.05,0.0,0.0,0.0,0.0,0.0,P00417,recovery_single
ATL,BOTH,1,1,1,452,97,280,HOU,1,HOU_D1,1,31,0.0,3917.05,0.0,0.0,0.0,0.0,0.0,P00418,recovery_single
DFW,NB,1,1,1,455,100,280,TPA,1,TPA_D1,1,25,0.0,3921.25,0.0,0.0,0.0,0.0,0.0,P00163,recovery_single
DFW,BOTH,1,1,1,455,100,280,TPA,1,TPA_D1,1,25,0.0,3921.25,0.0,0.0,0.0,0.0,0.0,P00164,recovery_single
DFW,NB,1,1,1,470,47,348,,0,,1,0,0.0,3922.05,0.0,0.0,0.0,0.0,0.0,P00427,recovery_single
DFW,BOTH,1,1,1,470,47,348,,0,,1,0,0.0,3922.05,0.0,0.0,0.0,0.0,0.0,P00428,recovery_single
DFW,NB,2,2,1,433,61,297,FLL,1,FLL_D2,2,64,0.0,3925.4,0.0,0.0,0.0,0.0,0.0,P00627,recovery_single
DFW,BOTH,2,2,1,433,61,297,FLL,1,FLL_D2,2,64,0.0,3925.4,0.0,0.0,0.0,0.0,0.0,P00628,recovery_single
ORD,NB,2,2,1,541,217,249,,0,,0,0,0.0,3930.8,0.0,0.0,0.0,0.0,0.0,P00749,recovery_single
ORD,BOTH,2,2,1,541,217,249,,0,,0,0,0.0,3930.8,0.0,0.0,0.0,0.0,0.0,P00750,recovery_single
ORD,NB,2,2,1,504,219,210,DEN,1,DEN_D2,2,41,0.0,3939.35,0.0,0.0,0.0,0.0,0.0,P00517,recovery_single
ORD,BOTH,2,2,1,504,219,210,DEN,1,DEN_D2,2,41,0.0,3939.35,0.0,0.0,0.0,0.0,0.0,P00518,recovery_single
ATL,NB,1,1,1,461,135,251,MCI,1,MCI_D1,1,91,0.0,3939.5,0.0,0.0,0.0,0.0,0.0,P00065,recovery_single
ATL,BOTH,1,1,1,461,135,251,MCI,1,MCI_D1,1,91,0.0,3939.5,0.0,0.0,0.0,0.0,0.0,P00066,recovery_single
ORD,NB,1,1,1,489,204,210,DEN,1,DEN_D1,1,94,0.0,3941.35,0.0,0.0,0.0,0.0,0.0,P00085,recovery_single
ORD,BOTH,1,1,1,489,204,210,DEN,1,DEN_D1,1,94,0.0,3941.35,0.0,0.0,0.0,0.0,0.0,P00086,recovery_single
ATL,RJ,1,1,1,443,83,285,CMH,1,CMH_D1,1,91,0.0,3958.2,0.0,0.0,0.0,0.0,0.0,P00209,recovery_single
ATL,BOTH,1,1,1,443,83,285,CMH,1,CMH_D1,1,91,0.0,3958.2,0.0,0.0,0.0,0.0,0.0,P00210,recovery_single
ORD,NB,2,2,1,452,107,270,TPA,1,TPA_D2,2,97,0.0,3959.55,0.0,0.0,0.0,0.0,0.0,P00621,recovery_single
ORD,BOTH,2,2,1,452,107,270,TPA,1,TPA_D2,2,97,0.0,3959.55,0.0,0.0,0.0,0.0,0.0,P00622,recovery_single
ORD,NB,1,1,1,551,227,249,,0,,0,0,0.0,3964.8,0.0,0.0,0.0,0.0,0.0,P00333,recovery_single
ORD,BOTH,1,1,1,551,227,249,,0,,0,0,0.0,3964.8,0.0,0.0,0.0,0.0,0.0,P00334,recovery_single
JFK,NB,1,1,1,506,115,316,,0,,1,0,0.0,3969.25,0.0,0.0,0.0,0.0,0.0,P00239,recovery_single
JFK,BOTH,1,1,1,506,115,316,,0,,1,0,0.0,3969.25,0.0,0.0,0.0,0.0,0.0,P00240,recovery_single
DFW,RJ,2,2,1,496,85,336,,0,,2,0,0.0,3982.25,0.0,0.0,0.0,0.0,0.0,P00795,recovery_single
DFW,BOTH,2,2,1,496,85,336,,0,,2,0,0.0,3982.25,0.0,0.0,0.0,0.0,0.0,P00796,recovery_single
DFW,NB,2,2,1,462,107,280,TPA,1,TPA_D2,2,64,0.0,3984.05,0.0,0.0,0.0,0.0,0.0,P00619,recovery_single
DFW,BOTH,2,2,1,462,107,280,TPA,1,TPA_D2,2,64,0.0,3984.05,0.0,0.0,0.0,0.0,0.0,P00620,recovery_single
DFW,NB,2,2,1,497,85,337,,0,,2,0,0.0,3988.0,0.0,0.0,0.0,0.0,0.0,P00611,recovery_single
DFW,BOTH,2,2,1,497,85,337,,0,,2,0,0.0,3988.0,0.0,0.0,0.0,0.0,0.0,P00612,recovery_single
DFW,NB,1,1,1,518,130,313,,0,,1,0,0.0,4003.0,0.0,0.0,0.0,0.0,0.0,P00347,recovery_single
DFW,BOTH,1,1,1,518,130,313,,0,,1,0,0.0,4003.0,0.0,0.0,0.0,0.0,0.0,P00348,recovery_single
JFK,NB,1,1,1,480,135,270,MCI,1,MCI_D1,1,58,0.0,4015.75,0.0,0.0,0.0,0.0,0.0,P00071,recovery_single
JFK,BOTH,1,1,1,480,135,270,MCI,1,MCI_D1,1,58,0.0,4015.75,0.0,0.0,0.0,0.0,0.0,P00072,recovery_single
JFK,NB,1,1,1,486,45,366,,0,,1,0,0.0,4018.75,0.0,0.0,0.0,0.0,0.0,P00479,recovery_single
JFK,BOTH,1,1,1,486,45,366,,0,,1,0,0.0,4018.75,0.0,0.0,0.0,0.0,0.0,P00480,recovery_single
DFW,NB,1,1,1,531,148,308,,0,,1,0,0.0,4035.45,0.0,0.0,0.0,0.0,0.0,P00123,recovery_single
DFW,BOTH,1,1,1,531,148,308,,0,,1,0,0.0,4035.45,0.0,0.0,0.0,0.0,0.0,P00124,recovery_single
JFK,NB,1,1,1,499,45,379,,0,,1,0,0.0,4093.5,0.0,0.0,0.0,0.0,0.0,P00311,recovery_single
JFK,BOTH,1,1,1,499,45,379,,0,,1,0,0.0,4093.5,0.0,0.0,0.0,0.0,0.0,P00312,recovery_single
DFW,NB,1,1,1,512,74,363,,0,,1,0,0.0,4100.1,0.0,0.0,0.0,0.0,0.0,P00275,recovery_single
DFW,BOTH,1,1,1,512,74,363,,0,,1,0,0.0,4100.1,0.0,0.0,0.0,0.0,0.0,P00276,recovery_single
DFW,NB,2,2,1,515,77,363,,0,,2,0,0.0,4110.3,0.0,0.0,0.0,0.0,0.0,P00715,recovery_single
DFW,BOTH,2,2,1,515,77,363,,0,,2,0,0.0,4110.3,0.0,0.0,0.0,0.0,0.0,P00716,recovery_single
JFK,NB,2,2,1,555,164,316,,0,,2,0,0.0,4135.85,0.0,0.0,0.0,0.0,0.0,P00687,recovery_single
JFK,BOTH,2,2,1,555,164,316,,0,,2,0,0.0,4135.85,0.0,0.0,0.0,0.0,0.0,P00688,recovery_single
JFK,NB,1,1,1,515,61,379,,0,,1,0,0.0,4147.9,0.0,0.0,0.0,0.0,0.0,P00271,recovery_single
JFK,BOTH,1,1,1,515,61,379,,0,,1,0,0.0,4147.9,0.0,0.0,0.0,0.0,0.0,P00272,recovery_single
DFW,NB,1,1,1,552,144,333,,0,,1,0,0.0,4165.6,0.0,0.0,0.0,0.0,0.0,P00315,recovery_single
DFW,BOTH,1,1,1,552,144,333,,0,,1,0,0.0,4165.6,0.0,0.0,0.0,0.0,0.0,P00316,recovery_single
JFK,RJ,1,1,1,517,57,385,,0,,1,0,0.0,4168.8,0.0,0.0,0.0,0.0,0.0,P00471,recovery_single
JFK,BOTH,1,1,1,517,57,385,,0,,1,0,0.0,4168.8,0.0,0.0,0.0,0.0,0.0,P00472,recovery_single
JFK,NB,1,1,1,469,46,348,SAT,1,SAT_D1,1,72,0.0,4175.65,0.0,0.0,0.0,0.0,0.0,P00223,recovery_single
JFK,BOTH,1,1,1,469,46,348,SAT,1,SAT_D1,1,72,0.0,4175.65,0.0,0.0,0.0,0.0,0.0,P00224,recovery_single
JFK,RJ,2,2,1,532,78,379,,0,,2,0,0.0,4205.7,0.0,0.0,0.0,0.0,0.0,P00591,recovery_single
JFK,BOTH,2,2,1,532,78,379,,0,,2,0,0.0,4205.7,0.0,0.0,0.0,0.0,0.0,P00592,recovery_single
JFK,NB,2,2,1,479,45,359,AUS,1,AUS_D2,2,45,0.0,4208.5,0.0,0.0,0.0,0.0,0.0,P00791,recovery_single
JFK,BOTH,2,2,1,479,45,359,AUS,1,AUS_D2,2,45,0.0,4208.5,0.0,0.0,0.0,0.0,0.0,P00792,recovery_single
DFW,NB,1,1,1,503,94,334,RDU,1,RDU_D1,1,25,0.0,4211.35,0.0,0.0,0.0,0.0,0.0,P00187,recovery_single
DFW,BOTH,1,1,1,503,94,334,RDU,1,RDU_D1,1,25,0.0,4211.35,0.0,0.0,0.0,0.0,0.0,P00188,recovery_single
DFW,NB,1,1,1,497,77,345,FLL,1,FLL_D1,1,25,0.0,4216.8,0.0,0.0,0.0,0.0,0.0,P00011,recovery_single
DFW,BOTH,1,1,1,497,77,345,FLL,1,FLL_D1,1,25,0.0,4216.8,0.0,0.0,0.0,0.0,0.0,P00012,recovery_single
DFW,NB,2,2,1,505,99,331,CLT,1,CLT_D2,2,64,0.0,4250.1,0.0,0.0,0.0,0.0,0.0,P00595,recovery_single
DFW,BOTH,2,2,1,505,99,331,CLT,1,CLT_D2,2,64,0.0,4250.1,0.0,0.0,0.0,0.0,0.0,P00596,recovery_single
JFK,RJ,2,2,1,489,51,363,IAH,1,IAH_D2,2,45,0.0,4251.9,0.0,0.0,0.0,0.0,0.0,P00543,recovery_single
JFK,BOTH,2,2,1,489,51,363,IAH,1,IAH_D2,2,45,0.0,4251.9,0.0,0.0,0.0,0.0,0.0,P00544,recovery_single
JFK,NB,1,1,1,483,45,363,IAH,1,IAH_D1,1,72,0.0,4258.5,0.0,0.0,0.0,0.0,0.0,P00183,recovery_single
JFK,BOTH,1,1,1,483,45,363,IAH,1,IAH_D1,1,72,0.0,4258.5,0.0,0.0,0.0,0.0,0.0,P00184,recovery_single
JFK,RJ,1,1,1,486,52,359,AUS,1,AUS_D1,1,72,0.0,4259.3,0.0,0.0,0.0,0.0,0.0,P00407,recovery_single
JFK,BOTH,1,1,1,486,52,359,AUS,1,AUS_D1,1,72,0.0,4259.3,0.0,0.0,0.0,0.0,0.0,P00408,recovery_single
DFW,NB,1,1,1,521,115,331,CLT,1,CLT_D1,1,25,0.0,4265.5,0.0,0.0,0.0,0.0,0.0,P00059,recovery_single
DFW,BOTH,1,1,1,521,115,331,CLT,1,CLT_D1,1,25,0.0,4265.5,0.0,0.0,0.0,0.0,0.0,P00060,recovery_single
DFW,NB,1,1,1,555,204,276,DEN,1,DEN_D1,1,73,0.0,4299.85,0.0,0.0,0.0,0.0,0.0,P00083,recovery_single
DFW,BOTH,1,1,1,555,204,276,DEN,1,DEN_D1,1,73,0.0,4299.85,0.0,0.0,0.0,0.0,0.0,P00084,recovery_single
ORD,NB,2,2,1,590,176,339,,0,,2,0,0.0,4308.9,0.0,0.0,0.0,0.0,0.0,P00781,recovery_single
ORD,BOTH,2,2,1,590,176,339,,0,,2,0,0.0,4308.9,0.0,0.0,0.0,0.0,0.0,P00782,recovery_single
DFW,NB,2,2,1,570,219,276,DEN,1,DEN_D2,2,34,0.0,4311.85,0.0,0.0,0.0,0.0,0.0,P00515,recovery_single
DFW,BOTH,2,2,1,570,219,276,DEN,1,DEN_D2,2,34,0.0,4311.85,0.0,0.0,0.0,0.0,0.0,P00516,recovery_single
DFW,NB,1,1,1,534,125,334,MIA,1,MIA_D1,1,25,0.0,4316.75,0.0,0.0,0.0,0.0,0.0,P00227,recovery_single
DFW,BOTH,1,1,1,534,125,334,MIA,1,MIA_D1,1,25,0.0,4316.75,0.0,0.0,0.0,0.0,0.0,P00228,recovery_single
ORD,NB,1,1,1,603,189,339,,0,,1,0,0.0,4353.1,0.0,0.0,0.0,0.0,0.0,P00357,recovery_single
ORD,BOTH,1,1,1,603,189,339,,0,,1,0,0.0,4353.1,0.0,0.0,0.0,0.0,0.0,P00358,recovery_single
DFW,NB,2,2,1,615,217,323,,0,,2,0,0.0,4356.3,0.0,0.0,0.0,0.0,0.0,P00747,recovery_single
DFW,BOTH,2,2,1,615,217,323,,0,,2,0,0.0,4356.3,0.0,0.0,0.0,0.0,0.0,P00748,recovery_single
ORD,NB,1,1,1,603,179,349,,0,,1,0,0.0,4376.6,0.0,0.0,0.0,0.0,0.0,P00461,recovery_single
ORD,BOTH,1,1,1,603,179,349,,0,,1,0,0.0,4376.6,0.0,0.0,0.0,0.0,0.0,P00462,recovery_single
DFW,NB,1,1,1,625,227,323,,0,,1,0,0.0,4390.3,0.0,0.0,0.0,0.0,0.0,P00331,recovery_single
DFW,BOTH,1,1,1,625,227,323,,0,,1,0,0.0,4390.3,0.0,0.0,0.0,0.0,0.0,P00332,recovery_single
DFW,RJ,2,2,1,521,54,392,DCA,1,DCA_D2,2,51,0.0,4434.85,0.0,0.0,0.0,0.0,0.0,P00699,recovery_single
DFW,BOTH,2,2,1,521,54,392,DCA,1,DCA_D2,2,51,0.0,4434.85,0.0,0.0,0.0,0.0,0.0,P00700,recovery_single
DFW,NB,2,2,1,523,49,399,IAD,1,IAD_D2,2,51,0.0,4458.1,0.0,0.0,0.0,0.0,0.0,P00651,recovery_single
DFW,BOTH,2,2,1,523,49,399,IAD,1,IAD_D2,2,51,0.0,4458.1,0.0,0.0,0.0,0.0,0.0,P00652,recovery_single
DFW,RJ,1,1,1,519,52,392,DCA,1,DCA_D1,1,86,0.0,4463.05,0.0,0.0,0.0,0.0,0.0,P00035,recovery_single
DFW,BOTH,1,1,1,519,52,392,DCA,1,DCA_D1,1,86,0.0,4463.05,0.0,0.0,0.0,0.0,0.0,P00036,recovery_single
JFK,NB,1,1,1,549,97,377,HOU,1,HOU_D1,1,72,0.0,4515.8,0.0,0.0,0.0,0.0,0.0,P00423,recovery_single
JFK,BOTH,1,1,1,549,97,377,HOU,1,HOU_D1,1,72,0.0,4515.8,0.0,0.0,0.0,0.0,0.0,P00424,recovery_single
ORD,NB,1,1,1,629,178,376,,0,,1,0,0.0,4528.45,0.0,0.0,0.0,0.0,0.0,P00501,recovery_single
ORD,BOTH,1,1,1,629,178,376,,0,,1,0,0.0,4528.45,0.0,0.0,0.0,0.0,0.0,P00502,recovery_single
ORD,NB,2,2,1,639,188,376,,0,,2,0,0.0,4562.45,0.0,0.0,0.0,0.0,0.0,P00733,recovery_single
ORD,BOTH,2,2,1,639,188,376,,0,,2,0,0.0,4562.45,0.0,0.0,0.0,0.0,0.0,P00734,recovery_single
DFW,NB,1,1,1,549,75,399,IAD,1,IAD_D1,1,86,0.0,4581.5,0.0,0.0,0.0,0.0,0.0,P00155,recovery_single
DFW,BOTH,1,1,1,549,75,399,IAD,1,IAD_D1,1,86,0.0,4581.5,0.0,0.0,0.0,0.0,0.0,P00156,recovery_single
DFW,NB,1,1,1,549,67,407,PHL,1,PHL_D1,1,86,0.0,4600.3,0.0,0.0,0.0,0.0,0.0,P00443,recovery_single
DFW,BOTH,1,1,1,549,67,407,PHL,1,PHL_D1,1,86,0.0,4600.3,0.0,0.0,0.0,0.0,0.0,P00444,recovery_single
ORD,NB,2,2,1,616,190,351,DEN,1,DEN_D2,2,41,0.0,4651.5,0.0,0.0,0.0,0.0,0.0,P00509,recovery_single
ORD,BOTH,2,2,1,616,190,351,DEN,1,DEN_D2,2,41,0.0,4651.5,0.0,0.0,0.0,0.0,0.0,P00510,recovery_single
DFW,NB,1,1,1,560,69,416,BOS,1,BOS_D1,1,86,0.0,4658.85,0.0,0.0,0.0,0.0,0.0,P00291,recovery_single
DFW,BOTH,1,1,1,560,69,416,BOS,1,BOS_D1,1,86,0.0,4658.85,0.0,0.0,0.0,0.0,0.0,P00292,recovery_single
DFW,NB,2,2,1,578,87,416,BOS,1,BOS_D2,2,51,0.0,4685.05,0.0,0.0,0.0,0.0,0.0,P00579,recovery_single
DFW,BOTH,2,2,1,578,87,416,BOS,1,BOS_D2,2,51,0.0,4685.05,0.0,0.0,0.0,0.0,0.0,P00580,recovery_single
ORD,NB,1,1,1,599,152,372,LAS,1,LAS_D1,1,94,0.0,4696.05,0.0,0.0,0.0,0.0,0.0,P00173,recovery_single
ORD,BOTH,1,1,1,599,152,372,LAS,1,LAS_D1,1,94,0.0,4696.05,0.0,0.0,0.0,0.0,0.0,P00174,recovery_single
ORD,NB,1,1,1,615,189,351,DEN,1,DEN_D1,1,94,0.0,4701.1,0.0,0.0,0.0,0.0,0.0,P00389,recovery_single
ORD,BOTH,1,1,1,615,189,351,DEN,1,DEN_D1,1,94,0.0,4701.1,0.0,0.0,0.0,0.0,0.0,P00390,recovery_single
ORD,NB,1,1,1,622,202,345,PHX,1,PHX_D1,1,94,0.0,4710.8,0.0,0.0,0.0,0.0,0.0,P00285,recovery_single
ORD,BOTH,1,1,1,622,202,345,PHX,1,PHX_D1,1,94,0.0,4710.8,0.0,0.0,0.0,0.0,0.0,P00286,recovery_single
ATL,NB,1,1,1,676,178,423,,0,,1,0,0.0,4798.7,0.0,0.0,0.0,0.0,0.0,P00497,recovery_single
ATL,BOTH,1,1,1,676,178,423,,0,,1,0,0.0,4798.7,0.0,0.0,0.0,0.0,0.0,P00498,recovery_single
ORD,NB,2,2,1,649,202,372,LAS,1,LAS_D2,2,41,0.0,4813.05,0.0,0.0,0.0,0.0,0.0,P00573,recovery_single
ORD,BOTH,2,2,1,649,202,372,LAS,1,LAS_D2,2,41,0.0,4813.05,0.0,0.0,0.0,0.0,0.0,P00574,recovery_single
ATL,NB,2,2,1,695,217,403,,0,,2,0,0.0,4816.3,0.0,0.0,0.0,0.0,0.0,P00745,recovery_single
ATL,BOTH,2,2,1,695,217,403,,0,,2,0,0.0,4816.3,0.0,0.0,0.0,0.0,0.0,P00746,recovery_single
ATL,NB,2,2,1,679,176,428,,0,,2,0,0.0,4820.65,0.0,0.0,0.0,0.0,0.0,P00777,recovery_single
ATL,BOTH,2,2,1,679,176,428,,0,,2,0,0.0,4820.65,0.0,0.0,0.0,0.0,0.0,P00778,recovery_single
ATL,NB,2,2,1,686,188,423,,0,,2,0,0.0,4832.7,0.0,0.0,0.0,0.0,0.0,P00729,recovery_single
ATL,BOTH,2,2,1,686,188,423,,0,,2,0,0.0,4832.7,0.0,0.0,0.0,0.0,0.0,P00730,recovery_single
ATL,NB,1,1,1,705,227,403,,0,,1,0,0.0,4850.3,0.0,0.0,0.0,0.0,0.0,P00329,recovery_single
ATL,BOTH,1,1,1,705,227,403,,0,,1,0,0.0,4850.3,0.0,0.0,0.0,0.0,0.0,P00330,recovery_single
ATL,NB,1,1,1,692,189,428,,0,,1,0,0.0,4864.85,0.0,0.0,0.0,0.0,0.0,P00353,recovery_single
ATL,BOTH,1,1,1,692,189,428,,0,,1,0,0.0,4864.85,0.0,0.0,0.0,0.0,0.0,P00354,recovery_single
ATL,NB,1,1,1,699,179,445,,0,,1,0,0.0,4928.6,0.0,0.0,0.0,0.0,0.0,P00457,recovery_single
ATL,BOTH,1,1,1,699,179,445,,0,,1,0,0.0,4928.6,0.0,0.0,0.0,0.0,0.0,P00458,recovery_single
ATL,NB,1,1,1,671,152,444,LAS,1,LAS_D1,1,75,0.0,5091.05,0.0,0.0,0.0,0.0,0.0,P00169,recovery_single
ATL,BOTH,1,1,1,671,152,444,LAS,1,LAS_D1,1,75,0.0,5091.05,0.0,0.0,0.0,0.0,0.0,P00170,recovery_single
ATL,NB,1,1,1,696,204,417,DEN,1,DEN_D1,1,75,0.0,5112.6,0.0,0.0,0.0,0.0,0.0,P00081,recovery_single
ATL,BOTH,1,1,1,696,204,417,DEN,1,DEN_D1,1,75,0.0,5112.6,0.0,0.0,0.0,0.0,0.0,P00082,recovery_single
JFK,NB,1,1,1,709,204,430,DEN,1,DEN_D1,1,33,0.0,5145.35,0.0,0.0,0.0,0.0,0.0,P00087,recovery_single
JFK,BOTH,1,1,1,709,204,430,DEN,1,DEN_D1,1,33,0.0,5145.35,0.0,0.0,0.0,0.0,0.0,P00088,recovery_single
JFK,NB,1,1,1,694,152,467,LAS,1,LAS_D1,1,33,0.0,5181.3,0.0,0.0,0.0,0.0,0.0,P00175,recovery_single
JFK,BOTH,1,1,1,694,152,467,LAS,1,LAS_D1,1,33,0.0,5181.3,0.0,0.0,0.0,0.0,0.0,P00176,recovery_single
ATL,NB,2,2,1,711,219,417,DEN,1,DEN_D2,2,93,0.0,5181.6,0.0,0.0,0.0,0.0,0.0,P00513,recovery_single
ATL,BOTH,2,2,1,711,219,417,DEN,1,DEN_D2,2,93,0.0,5181.6,0.0,0.0,0.0,0.0,0.0,P00514,recovery_single
JFK,NB,2,2,1,741,217,449,,0,,2,0,7.35,5213.1,7.35,7.35,7.35,7.35,7.35,P00751,recovery_single
JFK,BOTH,2,2,1,741,217,449,,0,,2,0,7.35,5213.1,7.35,7.35,7.35,7.35,7.35,P00752,recovery_single
ATL,NB,1,1,1,712,189,448,DEN,1,DEN_D1,1,75,0.0,5239.85,0.0,0.0,0.0,0.0,0.0,P00385,recovery_single
ATL,BOTH,1,1,1,712,189,448,DEN,1,DEN_D1,1,75,0.0,5239.85,0.0,0.0,0.0,0.0,0.0,P00386,recovery_single
ATL,NB,2,2,1,713,190,448,DEN,1,DEN_D2,2,93,0.0,5261.25,0.0,0.0,0.0,0.0,0.0,P00505,recovery_single
ATL,BOTH,2,2,1,713,190,448,DEN,1,DEN_D2,2,93,0.0,5261.25,0.0,0.0,0.0,0.0,0.0,P00506,recovery_single
ATL,NB,1,1,1,721,202,444,PHX,1,PHX_D1,1,75,0.35,5267.35,0.35,0.35,0.35,0.35,0.35,P00281,recovery_single
ATL,BOTH,1,1,1,721,202,444,PHX,1,PHX_D1,1,75,0.35,5267.35,0.35,0.35,0.35,0.35,0.35,P00282,recovery_single
ATL,NB,2,2,1,721,202,444,LAS,1,LAS_D2,2,93,0.35,5285.35,0.35,0.35,0.35,0.35,0.35,P00569,recovery_single
ATL,BOTH,2,2,1,721,202,444,LAS,1,LAS_D2,2,93,0.35,5285.35,0.35,0.35,0.35,0.35,0.35,P00570,recovery_single
JFK,NB,2,2,1,724,219,430,DEN,1,DEN_D2,2,98,1.4,5286.55,1.4,1.4,1.4,1.4,1.4,P00519,recovery_single
JFK,BOTH,2,2,1,724,219,430,DEN,1,DEN_D2,2,98,1.4,5286.55,1.4,1.4,1.4,1.4,1.4,P00520,recovery_single
JFK,NB,1,1,1,751,227,449,,0,,1,0,10.85,5310.1,10.85,10.85,10.85,10.85,10.85,P00335,recovery_single
JFK,BOTH,1,1,1,751,227,449,,0,,1,0,10.85,5310.1,10.85,10.85,10.85,10.85,10.85,P00336,recovery_single
JFK,NB,1,1,1,755,179,501,,0,,1,0,12.25,5471.1,12.25,12.25,12.25,12.25,12.25,P00463,recovery_single
JFK,BOTH,1,1,1,755,179,501,,0,,1,0,12.25,5471.1,12.25,12.25,12.25,12.25,12.25,P00464,recovery_single
JFK,NB,2,2,1,744,202,467,LAS,1,LAS_D2,2,98,8.4,5567.5,8.4,8.4,8.4,8.4,8.4,P00575,recovery_single
JFK,BOTH,2,2,1,744,202,467,LAS,1,LAS_D2,2,98,8.4,5567.5,8.4,8.4,8.4,8.4,8.4,P00576,recovery_single
JFK,NB,1,1,1,749,189,485,DEN,1,DEN_D1,1,33,10.15,5593.3,10.15,10.15,10.15,10.15,10.15,P00391,recovery_single
JFK,BOTH,1,1,1,749,189,485,DEN,1,DEN_D1,1,33,10.15,5593.3,10.15,10.15,10.15,10.15,10.15,P00392,recovery_single
JFK,NB,2,2,1,765,176,514,,0,,2,0,15.75,5598.65,15.75,15.75,15.75,15.75,15.75,P00783,recovery_single
JFK,BOTH,2,2,1,765,176,514,,0,,2,0,15.75,5598.65,15.75,15.75,15.75,15.75,15.75,P00784,recovery_single
JFK,NB,2,2,1,750,190,485,DEN,1,DEN_D2,2,98,10.5,5668.0,10.5,10.5,10.5,10.5,10.5,P00511,recovery_single
JFK,BOTH,2,2,1,750,190,485,DEN,1,DEN_D2,2,98,10.5,5668.0,10.5,10.5,10.5,10.5,10.5,P00512,recovery_single
JFK,NB,1,1,1,778,189,514,,0,,1,0,20.3,5724.75,20.3,20.3,20.3,20.3,20.3,P00359,recovery_single
JFK,BOTH,1,1,1,778,189,514,,0,,1,0,20.3,5724.75,20.3,20.3,20.3,20.3,20.3,P00360,recovery_single
JFK,NB,1,1,1,785,202,508,PHX,1,PHX_D1,1,33,22.75,5996.55,22.75,22.75,22.75,22.75,22.75,P00287,recovery_single
JFK,BOTH,1,1,1,785,202,508,PHX,1,PHX_D1,1,33,22.75,5996.55,22.75,22.75,22.75,22.75,22.75,P00288,recovery_single
JFK,NB,1,1,1,803,178,550,,0,,1,0,29.05,6051.85,29.05,29.05,29.05,29.05,29.05,P00503,recovery_single
JFK,BOTH,1,1,1,803,178,550,,0,,1,0,29.05,6051.85,29.05,29.05,29.05,29.05,29.05,P00504,recovery_single
JFK,NB,2,2,1,813,188,550,,0,,2,0,32.55,6148.85,32.55,32.55,32.55,32.55,32.55,P00735,recovery_single
JFK,BOTH,2,2,1,813,188,550,,0,,2,0,32.55,6148.85,32.55,32.55,32.55,32.55,32.55,P00736,recovery_single
DFW,NB,1,1,2,254,91,0,,0,,0,0,0.0,659.85,0.0,0.0,0.0,0.0,0.0,P00845,round_trip
DFW,BOTH,1,1,2,254,91,0,,0,,0,0,0.0,659.85,0.0,0.0,0.0,0.0,0.0,P00846,round_trip
DFW,NB,1,1,2,264,106,0,,0,,0,0,0.0,700.1,0.0,0.0,0.0,0.0,0.0,P00842,round_trip
DFW,BOTH,1,1,2,264,106,0,,0,,0,0,0.0,700.1,0.0,0.0,0.0,0.0,0.0,P00843,round_trip
JFK,RJ,1,1,2,253,97,0,,0,,0,0,3.13,721.54,0.0,19.0,0.0,1.0,0.0,P00921,round_trip
JFK,BOTH,1,1,2,253,97,0,,0,,0,0,3.13,721.54,0.0,19.0,0.0,1.0,0.0,P00922,round_trip
ORD,NB,2,2,2,285,101,0,,0,,0,0,0.0,739.0,0.0,0.0,0.0,0.0,0.0,P00905,round_trip
ORD,BOTH,2,2,2,285,101,0,,0,,0,0,0.0,739.0,0.0,0.0,0.0,0.0,0.0,P00906,round_trip
ORD,NB,2,2,2,275,109,0,,0,,0,0,0.9,743.7,0.0,0.0,0.0,10.0,0.0,P00913,round_trip
ORD,BOTH,2,2,2,275,109,0,,0,,0,0,0.9,743.7,0.0,0.0,0.0,10.0,0.0,P00914,round_trip
ORD,NB,2,2,2,279,119,0,,0,,0,0,0.18,751.84,0.0,0.0,0.0,2.0,0.0,P00911,round_trip
ORD,BOTH,2,2,2,279,119,0,,0,,0,0,0.18,751.84,0.0,0.0,0.0,2.0,0.0,P00912,round_trip
DFW,RJ,1,1,2,287,109,0,,0,,0,0,0.0,753.3,0.0,0.0,0.0,0.0,0.0,P00855,round_trip
DFW,BOTH,1,1,2,287,109,0,,0,,0,0,0.0,753.3,0.0,0.0,0.0,0.0,0.0,P00856,round_trip
ATL,NB,2,2,2,289,108,0,,0,,0,0,0.0,756.35,0.0,0.0,0.0,0.0,0.0,P00830,round_trip
ATL,BOTH,2,2,2,289,108,0,,0,,0,0,0.0,756.35,0.0,0.0,0.0,0.0,0.0,P00831,round_trip
ATL,NB,1,1,2,268,115,0,,0,,0,0,2.73,769.09,0.0,0.0,21.0,0.0,0.0,P00813,round_trip
ATL,BOTH,1,1,2,268,115,0,,0,,0,0,2.73,769.09,0.0,0.0,21.0,0.0,0.0,P00814,round_trip
ORD,RJ,1,1,2,294,110,0,,0,,0,0,0.0,769.6,0.0,0.0,0.0,0.0,0.0,P00873,round_trip
ORD,BOTH,1,1,2,294,110,0,,0,,0,0,0.0,769.6,0.0,0.0,0.0,0.0,0.0,P00874,round_trip
ORD,RJ,1,1,2,262,128,0,,0,,0,0,2.84,774.42,0.0,0.0,0.0,30.0,2.0,P00882,round_trip
ORD,BOTH,1,1,2,262,128,0,,0,,0,0,2.84,774.42,0.0,0.0,0.0,30.0,2.0,P00883,round_trip
JFK,NB,1,1,2,283,116,0,,0,,0,0,1.6,782.25,0.0,10.0,0.0,0.0,0.0,P00937,round_trip
JFK,BOTH,1,1,2,283,116,0,,0,,0,0,1.6,782.25,0.0,10.0,0.0,0.0,0.0,P00938,round_trip
ORD,RJ,1,1,2,296,118,0,,0,,0,0,0.0,783.9,0.0,0.0,0.0,0.0,0.0,P00899,round_trip
ORD,BOTH,1,1,2,296,118,0,,0,,0,0,0.0,783.9,0.0,0.0,0.0,0.0,0.0,P00900,round_trip
ATL,NB,1,1,2,297,117,0,,0,,0,0,0.39,791.82,0.0,0.0,3.0,0.0,0.0,P00824,round_trip
ATL,BOTH,1,1,2,297,117,0,,0,,0,0,0.39,791.82,0.0,0.0,3.0,0.0,0.0,P00825,round_trip
ORD,NB,1,1,2,274,124,0,,0,,0,0,2.88,795.94,0.0,0.0,0.0,32.0,0.0,P00889,round_trip
ORD,BOTH,1,1,2,274,124,0,,0,,0,0,2.88,795.94,0.0,0.0,0.0,32.0,0.0,P00890,round_trip
ORD,NB,2,2,2,302,120,0,,0,,0,0,0.0,799.3,0.0,0.0,0.0,0.0,0.0,P00907,round_trip
ORD,BOTH,2,2,2,302,120,0,,0,,0,0,0.0,799.3,0.0,0.0,0.0,0.0,0.0,P00908,round_trip
DFW,RJ,2,2,2,252,129,0,,0,,0,0,5.69,805.47,3.0,15.0,5.0,11.0,0.0,P00863,round_trip
DFW,BOTH,2,2,2,252,129,0,,0,,0,0,5.69,805.47,3.0,15.0,5.0,11.0,0.0,P00864,round_trip
DFW,NB,1,1,2,279,142,0,,0,,0,0,2.47,821.81,0.0,0.0,19.0,0.0,0.0,P00857,round_trip
DFW,BOTH,1,1,2,279,142,0,,0,,0,0,2.47,821.81,0.0,0.0,19.0,0.0,0.0,P00858,round_trip
ORD,NB,1,1,2,306,133,0,,0,,0,0,0.0,824.15,0.0,0.0,0.0,0.0,0.0,P00871,round_trip
ORD,BOTH,1,1,2,306,133,0,,0,,0,0,0.0,824.15,0.0,0.0,0.0,0.0,0.0,P00872,round_trip
ATL,NB,1,1,2,275,140,0,,0,,0,0,3.75,833.75,0.0,0.0,24.0,7.0,0.0,P00807,round_trip
ATL,BOTH,1,1,2,275,140,0,,0,,0,0,3.75,833.75,0.0,0.0,24.0,7.0,0.0,P00808,round_trip
ATL,NB,1,1,2,312,141,0,,0,,0,0,0.0,847.05,0.0,0.0,0.0,0.0,0.0,P00811,round_trip
ATL,BOTH,1,1,2,312,141,0,,0,,0,0,0.0,847.05,0.0,0.0,0.0,0.0,0.0,P00812,round_trip
JFK,NB,2,2,2,275,132,0,,0,,0,0,5.28,851.29,0.0,33.0,0.0,0.0,0.0,P00943,round_trip
JFK,BOTH,2,2,2,275,132,0,,0,,0,0,5.28,851.29,0.0,33.0,0.0,0.0,0.0,P00944,round_trip
JFK,NB,2,2,2,263,126,0,,0,,0,0,7.34,855.07,0.0,38.0,0.0,14.0,0.0,P00947,round_trip
JFK,BOTH,2,2,2,263,126,0,,0,,0,0,7.34,855.07,0.0,38.0,0.0,14.0,0.0,P00948,round_trip
ATL,NB,2,2,2,286,144,0,,0,,0,0,3.9,865.1,0.0,0.0,30.0,0.0,0.0,P00826,round_trip
ATL,BOTH,2,2,2,286,144,0,,0,,0,0,3.9,865.1,0.0,0.0,30.0,0.0,0.0,P00827,round_trip
ORD,NB,2,2,2,315,146,0,,0,,0,0,0.45,867.85,0.0,0.0,0.0,5.0,0.0,P00909,round_trip
ORD,BOTH,2,2,2,315,146,0,,0,,0,0,0.45,867.85,0.0,0.0,0.0,5.0,0.0,P00910,round_trip
ORD,NB,1,1,2,329,146,0,,0,,0,0,0.0,889.85,0.0,0.0,0.0,0.0,0.0,P00893,round_trip
ORD,BOTH,1,1,2,329,146,0,,0,,0,0,0.0,889.85,0.0,0.0,0.0,0.0,0.0,P00894,round_trip
ORD,NB,1,1,2,247,115,0,,0,,0,0,12.22,894.76,13.0,0.0,3.0,52.0,0.0,P00885,round_trip
ORD,BOTH,1,1,2,247,115,0,,0,,0,0,12.22,894.76,13.0,0.0,3.0,52.0,0.0,P00886,round_trip
JFK,NB,1,1,2,295,149,0,,0,,0,0,5.12,912.66,0.0,32.0,0.0,0.0,0.0,P00929,round_trip
JFK,BOTH,1,1,2,295,149,0,,0,,0,0,5.12,912.66,0.0,32.0,0.0,0.0,0.0,P00930,round_trip
JFK,RJ,2,2,2,273,139,0,,0,,0,0,8.48,913.34,0.0,53.0,0.0,0.0,0.0,P00949,round_trip
JFK,BOTH,2,2,2,273,139,0,,0,,0,0,8.48,913.34,0.0,53.0,0.0,0.0,0.0,P00950,round_trip
ATL,NB,1,1,2,290,158,0,,0,,0,0,5.31,916.58,1.0,0.0,35.0,0.0,3.0,P00817,round_trip
ATL,BOTH,1,1,2,290,158,0,,0,,0,0,5.31,916.58,1.0,0.0,35.0,0.0,3.0,P00818,round_trip
ATL,NB,2,2,2,293,169,0,,0,,0,0,9.08,1004.64,2.0,0.0,56.0,0.0,10.0,P00828,round_trip
ATL,BOTH,2,2,2,293,169,0,,0,,0,0,9.08,1004.64,2.0,0.0,56.0,0.0,10.0,P00829,round_trip
ATL,NB,1,1,2,366,191,0,,0,,0,0,0.26,1030.33,0.0,0.0,2.0,0.0,0.0,P00801,round_trip
ATL,BOTH,1,1,2,366,191,0,,0,,0,0,0.26,1030.33,0.0,0.0,2.0,0.0,0.0,P00802,round_trip
JFK,NB,2,2,2,381,212,0,,0,,0,0,0.0,1084.15,0.0,0.0,0.0,0.0,0.0,P00945,round_trip
JFK,BOTH,2,2,2,381,212,0,,0,,0,0,0.0,1084.15,0.0,0.0,0.0,0.0,0.0,P00946,round_trip
JFK,NB,1,1,2,371,234,0,,0,,0,0,2.34,1132.27,0.0,0.0,18.0,0.0,0.0,P00925,round_trip
JFK,BOTH,1,1,2,371,234,0,,0,,0,0,2.34,1132.27,0.0,0.0,18.0,0.0,0.0,P00926,round_trip
ATL,RJ,1,1,2,332,207,0,,0,,0,0,9.05,1135.45,0.0,10.0,49.0,5.0,9.0,P00809,round_trip
ATL,BOTH,1,1,2,332,207,0,,0,,0,0,9.05,1135.45,0.0,10.0,49.0,5.0,9.0,P00810,round_trip
JFK,NB,1,1,2,400,225,0,,0,,0,0,2.99,1195.07,0.0,0.0,23.0,0.0,0.0,P00915,round_trip
JFK,BOTH,1,1,2,400,225,0,,0,,0,0,2.99,1195.07,0.0,0.0,23.0,0.0,0.0,P00916,round_trip
DFW,NB,1,1,2,381,250,0,,0,,0,0,5.95,1238.75,0.0,3.0,13.0,42.0,0.0,P00832,round_trip
DFW,BOTH,1,1,2,381,250,0,,0,,0,0,5.95,1238.75,0.0,3.0,13.0,42.0,0.0,P00833,round_trip
DFW,NB,2,2,2,412,268,0,,0,,0,0,1.53,1248.34,0.0,0.0,0.0,17.0,0.0,P00865,round_trip
DFW,BOTH,2,2,2,412,268,0,,0,,0,0,1.53,1248.34,0.0,0.0,0.0,17.0,0.0,P00866,round_trip
JFK,NB,1,1,2,391,255,0,,0,,0,0,5.33,1255.34,0.0,0.0,41.0,0.0,0.0,P00935,round_trip
JFK,BOTH,1,1,2,391,255,0,,0,,0,0,5.33,1255.34,0.0,0.0,41.0,0.0,0.0,P00936,round_trip
JFK,NB,1,1,2,369,238,0,,0,,0,0,9.18,1256.09,0.0,7.0,62.0,0.0,0.0,P00933,round_trip
JFK,BOTH,1,1,2,369,238,0,,0,,0,0,9.18,1256.09,0.0,7.0,62.0,0.0,0.0,P00934,round_trip
ATL,RJ,1,1,2,341,218,0,,0,,0,0,20.15,1368.35,17.0,18.0,55.0,0.0,11.0,P00821,round_trip
ATL,BOTH,1,1,2,341,218,0,,0,,0,0,20.15,1368.35,17.0,18.0,55.0,0.0,11.0,P00822,round_trip
DFW,NB,1,1,2,486,341,0,,0,,0,0,4.73,1556.29,0.0,0.0,10.0,0.0,49.0,P00838,round_trip
DFW,BOTH,1,1,2,486,341,0,,0,,0,0,4.73,1556.29,0.0,0.0,10.0,0.0,49.0,P00839,round_trip
JFK,NB,1,1,2,498,140,93,,0,,1,0,0.0,1580.5,0.0,0.0,0.0,0.0,0.0,P00917,round_trip
JFK,BOTH,1,1,2,498,140,93,,0,,1,0,0.0,1580.5,0.0,0.0,0.0,0.0,0.0,P00918,round_trip
DFW,NB,2,2,2,548,378,0,,0,,0,0,1.47,1677.16,0.0,0.0,0.0,0.0,21.0,P00859,round_trip
DFW,BOTH,2,2,2,548,378,0,,0,,0,0,1.47,1677.16,0.0,0.0,0.0,0.0,21.0,P00860,round_trip
DFW,NB,1,1,2,514,381,0,,0,,0,0,5.93,1688.09,0.0,0.0,23.0,0.0,42.0,P00847,round_trip
DFW,BOTH,1,1,2,514,381,0,,0,,0,0,5.93,1688.09,0.0,0.0,23.0,0.0,42.0,P00848,round_trip
DFW,NB,1,1,2,507,367,0,,0,,0,0,8.41,1700.18,8.0,1.0,0.0,0.0,55.0,P00849,round_trip
DFW,BOTH,1,1,2,507,367,0,,0,,0,0,8.41,1700.18,8.0,1.0,0.0,0.0,55.0,P00850,round_trip
DFW,NB,2,2,2,519,378,0,,0,,0,0,10.97,1785.81,16.0,0.0,0.0,0.0,31.0,P00869,round_trip
DFW,BOTH,2,2,2,519,378,0,,0,,0,0,10.97,1785.81,16.0,0.0,0.0,0.0,31.0,P00870,round_trip
DFW,NB,2,2,2,506,168,141,,0,,2,0,0.0,1805.5,0.0,0.0,0.0,0.0,0.0,P00867,round_trip
DFW,BOTH,2,2,2,506,168,141,,0,,2,0,0.0,1805.5,0.0,0.0,0.0,0.0,0.0,P00868,round_trip
ORD,NB,2,2,2,577,436,0,,0,,0,0,2.03,1822.09,0.0,0.0,0.0,0.0,29.0,P00903,round_trip
ORD,BOTH,2,2,2,577,436,0,,0,,0,0,2.03,1822.09,0.0,0.0,0.0,0.0,29.0,P00904,round_trip
ORD,NB,1,1,2,568,431,0,,0,,0,0,6.17,1871.01,0.0,0.0,15.0,15.0,41.0,P00876,round_trip
ORD,BOTH,1,1,2,568,431,0,,0,,0,0,6.17,1871.01,0.0,0.0,15.0,15.0,41.0,P00877,round_trip
ATL,NB,1,1,2,575,202,117,,0,,1,0,0.0,1909.95,0.0,0.0,0.0,0.0,0.0,P00803,round_trip
ATL,BOTH,1,1,2,575,202,117,,0,,1,0,0.0,1909.95,0.0,0.0,0.0,0.0,0.0,P00804,round_trip
ORD,NB,2,2,2,670,407,127,,0,,2,0,2.38,2449.29,0.0,0.0,0.0,0.0,34.0,P00901,round_trip
ORD,BOTH,2,2,2,670,407,127,,0,,2,0,2.38,2449.29,0.0,0.0,0.0,0.0,34.0,P00902,round_trip
DFW,NB,2,2,2,723,407,141,,0,,2,0,2.17,2609.86,1.05,1.05,1.05,1.05,17.05,P00861,round_trip
DFW,BOTH,2,2,2,723,407,141,,0,,2,0,2.17,2609.86,1.05,1.05,1.05,1.05,17.05,P00862,round_trip
DFW,BOTH,1,1,3,421,158,45,AUS,1,AUS_D1,1,4,1.56,1601.73,0.0,0.0,12.0,0.0,0.0,P00963,three_leg
DFW,BOTH,1,1,3,406,143,45,AUS,1,AUS_D1,1,4,4.81,1609.23,4.0,9.0,0.0,13.0,0.0,P00966,three_leg
DFW,NB,1,1,3,454,188,45,HOU,1,HOU_D1,1,4,2.41,1725.48,1.0,6.0,0.0,10.0,0.0,P00967,three_leg
DFW,BOTH,1,1,3,454,188,45,HOU,1,HOU_D1,1,4,2.41,1725.48,1.0,6.0,0.0,10.0,0.0,P00968,three_leg
DFW,NB,1,1,3,469,203,45,HOU,1,HOU_D1,1,4,1.17,1754.16,0.0,0.0,9.0,0.0,0.0,P00964,three_leg
DFW,BOTH,1,1,3,469,203,45,HOU,1,HOU_D1,1,4,1.17,1754.16,0.0,0.0,9.0,0.0,0.0,P00965,three_leg
DFW,BOTH,2,2,3,515,174,45,AUS,1,AUS_D2,2,36,5.69,1930.17,3.0,15.0,5.0,11.0,0.0,P00969,three_leg
ORD,BOTH,1,1,3,568,155,56,CLE,1,CLE_D1,1,19,0.0,1940.55,0.0,0.0,0.0,0.0,0.0,P00975,three_leg
ORD,NB,1,1,3,578,178,56,CLE,1,CLE_D1,1,19,0.0,1990.8,0.0,0.0,0.0,0.0,0.0,P00972,three_leg
ORD,BOTH,1,1,3,578,178,56,CLE,1,CLE_D1,1,19,0.0,1990.8,0.0,0.0,0.0,0.0,0.0,P00973,three_leg
JFK,BOTH,1,1,3,546,166,76,BOS,1,BOS_D1,1,2,3.13,2018.34,0.0,19.0,0.0,1.0,0.0,P00976,three_leg
ORD,NB,1,1,3,511,189,88,STL,1,STL_D1,1,19,3.11,2031.68,0.0,0.0,0.0,33.0,2.0,P00970,three_leg
ORD,BOTH,1,1,3,511,189,88,STL,1,STL_D1,1,19,3.11,2031.68,0.0,0.0,0.0,33.0,2.0,P00971,three_leg
JFK,NB,1,1,3,575,216,71,PHL,1,PHL_D1,1,2,5.12,2161.01,0.0,32.0,0.0,0.0,0.0,P00979,three_leg
JFK,BOTH,1,1,3,575,216,71,PHL,1,PHL_D1,1,2,5.12,2161.01,0.0,32.0,0.0,0.0,0.0,P00980,three_leg
ORD,BOTH,1,1,3,501,166,88,STL,1,STL_D1,1,19,13.44,2167.37,21.0,0.0,0.0,21.0,0.0,P00974,three_leg
DFW,BOTH,1,1,3,582,302,45,AUS,1,AUS_D1,1,4,5.95,2206.9,0.0,3.0,13.0,42.0,0.0,P00962,three_leg
ATL,NB,1,1,3,579,173,98,MIA,1,MIA_D1,1,79,2.73,2247.04,0.0,0.0,21.0,0.0,0.0,P00956,three_leg
ATL,BOTH,1,1,3,579,173,98,MIA,1,MIA_D1,1,79,2.73,2247.04,0.0,0.0,21.0,0.0,0.0,P00957,three_leg
ATL,NB,1,1,3,599,199,98,MIA,1,MIA_D1,1,79,0.0,2273.4,0.0,0.0,0.0,0.0,0.0,P00954,three_leg
ATL,BOTH,1,1,3,599,199,98,MIA,1,MIA_D1,1,79,0.0,2273.4,0.0,0.0,0.0,0.0,0.0,P00955,three_leg
ATL,NB,1,1,3,495,216,98,MIA,1,MIA_D1,1,79,18.36,2401.53,13.0,0.0,76.0,0.0,19.0,P00958,three_leg
ATL,BOTH,1,1,3,495,216,98,MIA,1,MIA_D1,1,79,18.36,2401.53,13.0,0.0,76.0,0.0,19.0,P00959,three_leg
JFK,NB,1,1,3,561,305,71,PHL,1,PHL_D1,1,2,21.52,2537.36,0.0,63.0,88.0,0.0,0.0,P00981,three_leg
JFK,BOTH,1,1,3,561,305,71,PHL,1,PHL_D1,1,2,21.52,2537.36,0.0,63.0,88.0,0.0,0.0,P00982,three_leg
JFK,NB,1,1,3,734,301,71,PHL,1,PHL_D1,1,2,7.24,2647.27,4.9,4.9,22.9,4.9,4.9,P00977,three_leg
JFK,BOTH,1,1,3,734,301,71,PHL,1,PHL_D1,1,2,7.24,2647.27,4.9,4.9,22.9,4.9,4.9,P00978,three_leg
ATL,BOTH,1,1,3,678,265,98,MIA,1,MIA_D1,1,79,9.05,2688.65,0.0,10.0,49.0,5.0,9.0,P00953,three_leg
ATL,NB,1,1,3,742,249,98,MIA,1,MIA_D1,1,79,7.96,2786.63,7.7,7.7,9.7,7.7,7.7,P00951,three_leg
ATL,BOTH,1,1,3,742,249,98,MIA,1,MIA_D1,1,79,7.96,2786.63,7.7,7.7,9.7,7.7,7.7,P00952,three_leg
DFW,NB,1,1,3,805,439,149,DEN,1,DEN_D1,1,73,35.7,3836.5,29.75,32.75,42.75,71.75,29.75,P00960,three_leg
DFW,BOTH,1,1,3,805,439,149,DEN,1,DEN_D1,1,73,35.7,3836.5,29.75,32.75,42.75,71.75,29.75,P00961,three_leg
