base,qualification_pool,start_day,end_day,num_legs,duty_min,block_min,deadhead_min,overnight_station,hotel_nights,hotel_key,hotel_day,preference_penalty,expected_delay_risk,cost,risk_S0_nominal,risk_S1_weather_NE,risk_S2_weather_SE,risk_S3_ATC_MW,risk_S4_west_coast,pairing_id,pairing_type
ATL,NB,1,1,2,268,115,0,,0,,0,0,2.73,769.09,0.0,0.0,21.0,0.0,0.0,P00813,round_trip
ATL,NB,1,1,2,297,117,0,,0,,0,0,0.39,791.82,0.0,0.0,3.0,0.0,0.0,P00824,round_trip
ATL,NB,1,1,2,275,140,0,,0,,0,0,3.75,833.75,0.0,0.0,24.0,7.0,0.0,P00807,round_trip
ATL,NB,1,1,2,312,141,0,,0,,0,0,0.0,847.05,0.0,0.0,0.0,0.0,0.0,P00811,round_trip
ATL,NB,1,1,2,290,158,0,,0,,0,0,5.31,916.58,1.0,0.0,35.0,0.0,3.0,P00817,round_trip
ATL,NB,1,1,2,366,191,0,,0,,0,0,0.26,1030.33,0.0,0.0,2.0,0.0,0.0,P00801,round_trip
ATL,RJ,1,1,2,332,207,0,,0,,0,0,9.05,1135.45,0.0,10.0,49.0,5.0,9.0,P00809,round_trip
ATL,RJ,1,1,2,341,218,0,,0,,0,0,20.15,1368.35,17.0,18.0,55.0,0.0,11.0,P00821,round_trip
DFW,NB,1,1,2,254,91,0,,0,,0,0,0.0,659.85,0.0,0.0,0.0,0.0,0.0,P00845,round_trip
DFW,NB,1,1,2,264,106,0,,0,,0,0,0.0,700.1,0.0,0.0,0.0,0.0,0.0,P00842,round_trip
DFW,RJ,1,1,2,287,109,0,,0,,0,0,0.0,753.3,0.0,0.0,0.0,0.0,0.0,P00855,round_trip
DFW,NB,1,1,2,279,142,0,,0,,0,0,2.47,821.81,0.0,0.0,19.0,0.0,0.0,P00857,round_trip
DFW,NB,1,1,2,381,250,0,,0,,0,0,5.95,1238.75,0.0,3.0,13.0,42.0,0.0,P00832,round_trip
DFW,NB,1,1,2,486,341,0,,0,,0,0,4.73,1556.29,0.0,0.0,10.0,0.0,49.0,P00838,round_trip
DFW,NB,1,1,2,514,381,0,,0,,0,0,5.93,1688.09,0.0,0.0,23.0,0.0,42.0,P00847,round_trip
DFW,NB,1,1,2,507,367,0,,0,,0,0,8.41,1700.18,8.0,1.0,0.0,0.0,55.0,P00849,round_trip
JFK,RJ,1,1,2,253,97,0,,0,,0,0,3.13,721.54,0.0,19.0,0.0,1.0,0.0,P00921,round_trip
JFK,NB,1,1,2,283,116,0,,0,,0,0,1.6,782.25,0.0,10.0,0.0,0.0,0.0,P00937,round_trip
JFK,NB,1,2,2,302,152,0,,0,,1,0,0.0,839.3,0.0,0.0,0.0,0.0,0.0,P00941,overnight
JFK,NB,1,1,2,295,149,0,,0,,0,0,5.12,912.66,0.0,32.0,0.0,0.0,0.0,P00929,round_trip
JFK,NB,1,1,2,371,234,0,,0,,0,0,2.34,1132.27,0.0,0.0,18.0,0.0,0.0,P00925,round_trip
JFK,NB,1,1,2,400,225,0,,0,,0,0,2.99,1195.07,0.0,0.0,23.0,0.0,0.0,P00915,round_trip
JFK,NB,1,1,2,391,255,0,,0,,0,0,5.33,1255.34,0.0,0.0,41.0,0.0,0.0,P00935,round_trip
JFK,NB,1,1,2,369,238,0,,0,,0,0,9.18,1256.09,0.0,7.0,62.0,0.0,0.0,P00933,round_trip
ORD,RJ,1,1,2,294,110,0,,0,,0,0,0.0,769.6,0.0,0.0,0.0,0.0,0.0,P00873,round_trip
ORD,RJ,1,1,2,262,128,0,,0,,0,0,2.84,774.42,0.0,0.0,0.0,30.0,2.0,P00882,round_trip
ORD,RJ,1,1,2,296,118,0,,0,,0,0,0.0,783.9,0.0,0.0,0.0,0.0,0.0,P00899,round_trip
ORD,NB,1,1,2,274,124,0,,0,,0,0,2.88,795.94,0.0,0.0,0.0,32.0,0.0,P00889,round_trip
ORD,NB,1,1,2,306,133,0,,0,,0,0,0.0,824.15,0.0,0.0,0.0,0.0,0.0,P00871,round_trip
ORD,NB,1,1,2,329,146,0,,0,,0,0,0.0,889.85,0.0,0.0,0.0,0.0,0.0,P00893,round_trip
ORD,NB,1,1,2,247,115,0,,0,,0,0,12.22,894.76,13.0,0.0,3.0,52.0,0.0,P00885,round_trip
ORD,NB,1,1,2,568,431,0,,0,,0,0,6.17,1871.01,0.0,0.0,15.0,15.0,41.0,P00876,round_trip
ATL,NB,2,2,2,289,108,0,,0,,0,0,0.0,756.35,0.0,0.0,0.0,0.0,0.0,P00830,round_trip
ATL,NB,2,2,2,286,144,0,,0,,0,0,3.9,865.1,0.0,0.0,30.0,0.0,0.0,P00826,round_trip
ATL,NB,2,2,2,293,169,0,,0,,0,0,9.08,1004.64,2.0,0.0,56.0,0.0,10.0,P00828,round_trip
ATL,NB,2,2,1,372,58,239,MSP,1,MSP_D2,2,81,0.0,3598.7,0.0,0.0,0.0,0.0,0.0,P00705,recovery_single
DFW,NB,2,2,2,412,268,0,,0,,0,0,1.53,1248.34,0.0,0.0,0.0,17.0,0.0,P00865,round_trip
DFW,NB,2,2,2,548,378,0,,0,,0,0,1.47,1677.16,0.0,0.0,0.0,0.0,21.0,P00859,round_trip
DFW,NB,2,2,2,519,378,0,,0,,0,0,10.97,1785.81,16.0,0.0,0.0,0.0,31.0,P00869,round_trip
DFW,BOTH,2,2,3,515,174,45,AUS,1,AUS_D2,2,36,5.69,1930.17,3.0,15.0,5.0,11.0,0.0,P00969,three_leg
JFK,NB,2,2,2,275,132,0,,0,,0,0,5.28,851.29,0.0,33.0,0.0,0.0,0.0,P00943,round_trip
JFK,NB,2,2,2,263,126,0,,0,,0,0,7.34,855.07,0.0,38.0,0.0,14.0,0.0,P00947,round_trip
JFK,RJ,2,2,2,273,139,0,,0,,0,0,8.48,913.34,0.0,53.0,0.0,0.0,0.0,P00949,round_trip
JFK,NB,2,2,2,381,212,0,,0,,0,0,0.0,1084.15,0.0,0.0,0.0,0.0,0.0,P00945,round_trip
ORD,NB,2,2,2,285,101,0,,0,,0,0,0.0,739.0,0.0,0.0,0.0,0.0,0.0,P00905,round_trip
ORD,NB,2,2,2,275,109,0,,0,,0,0,0.9,743.7,0.0,0.0,0.0,10.0,0.0,P00913,round_trip
ORD,NB,2,2,2,279,119,0,,0,,0,0,0.18,751.84,0.0,0.0,0.0,2.0,0.0,P00911,round_trip
ORD,NB,2,2,2,302,120,0,,0,,0,0,0.0,799.3,0.0,0.0,0.0,0.0,0.0,P00907,round_trip
ORD,NB,2,2,2,315,146,0,,0,,0,0,0.45,867.85,0.0,0.0,0.0,5.0,0.0,P00909,round_trip
ORD,NB,2,2,2,577,436,0,,0,,0,0,2.03,1822.09,0.0,0.0,0.0,0.0,29.0,P00903,round_trip
